Typ	Wikidata	Wikidata	Wikidata	Wikidata
    Kreuze (Gruppen aus jeweils drei Kreuzen); Tafeln (zwei Tafeln mit Namen der Gefallenen); Findling>				
Abspannwerk				
Allee	Q207934			
Allee; Eingangsgebäude; Hoffläche; Landhaus; Tor	Q207934			
Altenheim	Q22908			
Altenheim; Pflegeheim	Q22908			
Altenteiler	Q11755880			
Altenteiler (Kate)	Q11755880			
Altenteiler/ Kate	Q11755880			
Altenteiler; Windbäume (vor dem Haus)	Q11755880			
Ämterstein (Amt der Reeper)				
Amtshaus; Garten; Friedhof	Q11755880			
Apartmenthaus	Q11755880			
Apotheke (Handwerkerhaus)	Q13107184	Q58403020		
Apothekeneinrichtung (wandfeste Ausstattung, bewegliches Inventar und Offizin)	Q13107184			
Arbeiterwohnhaus	Q11755880			
Arbeiterwohnhaus (Instenhaus)	Q11755880			
Arbeiterwohnhaus/Reihenhaus (Landarbeiterhäuserzeile, Typ "Langer Jammer")	Q11755880			
Arbeiterwohnhaus/Reihenhaus (Typ "Instenhaus")	Q11755880			
Arbeitsamt	Q627329	Q294422		
Arena {Theater (nach Umnutzung)}	Q47162123			
Arkadengang				
Armenhaus	Q11755880			
Atelier	Q47162123			
Atelierhaus; Garten; Vorgarten	Q47162123			
Ausgangsbauwerke (U-Bahn)				
Außenanlagen				
Außenanlagen (vor dem Hauptgebäude, mit Auffahrt); Pavillon; Einfriedung		Q1307347	Q276173	
Außenanlagen/ Ausstattung im Außenraum <Portal; Gefallenendenkmal; weitere künstlerische Ausstattung; Unterstand (nordöstl.); Treppen; Leuchten; umgebende gepflasterte bzw. gärtnerisch gestaltete Flächen; Böschungen; Sportplatz (östl.)>		Q3328263		
Automobilhalle	Q47162123			
Badeanstalt	Q17521458			
Badeanstalt (Hallenbad); Filterhaus	Q17521458			
Badeanstalt {Atelier- und Bürogebäude (nach Umnutzung)}	Q17521458			
Badeanstalt; Einfriedung	Q17521458	Q1307347		
Bahnanlage; Krananlage; Schuppen	Q47162123	Q178692		
Bahnbetriebsgebäude	Q39917125			
Bahnbetriebsgebäude (Lagerhaus)	Q39917125			
Bahnbetriebshof	Q39917125			
Bahnbetriebshof (S-Bahn)	Q39917125			
Bahnbetriebshof (U-Bahn)	Q39917125			
Bahnbetriebswerk <Betriebsgebäude; Werkstattgebäude; Pförtnerhaus>	Q39917125			
Bahnbrücke	Q1210334			
Bahnbrücke (Güterbahn)	Q1210334			
Bahnbrücke (Industriebahn)	Q1210334			
Bahnbrücke (Industriebahn, einschl. Auflager und angrenzender Kaimauern)	Q1210334			
Bahnbrücke (S-Bahn)	Q1210334			
Bahnbrücke (U-Bahn)	Q1210334			
Bahnbrücke (U-Bahn)/ Brückenwiderlager/ Bahnhofseingang (U-Bahn)	Q1210334			
Bahnbrücke (U-Bahn/ Güterbahn)	Q1210334			
Bahnbrücke (U-Bahn/ S-Bahn)	Q1210334			
Bahnbrücke; Bahnhof; Bahnsteig	Q1210334			
Bahnbrücke; Straßenbrücke	Q1210334			
Bahnbrücken (S-Bahn)	Q1210334			
Bahnhof	Q98094452			
Bahnhof (Fernbahn/ S-Bahn)	Q98094452			
Bahnhof (Güterabfertigung)	Q98094452			
Bahnhof (S-Bahn)	Q98094452			
Bahnhof (S-Bahn/ Fernbahn)	Q98094452			
Bahnhof (U-Bahn)	Q98094452			
Bahnhof (U-Bahn) <Bahnhofshalle (oberirdisch); U-Bahnstation; Ladenzeile>	Q98094452	Q213441		
Bahnhof (U-Bahn/ S-Bahn)	Q98094452			
Bahnhof (Vorortbahn) <Bahngebäude; Rampe; Pflaster>	Q98094452	Q3328263		
Bahnhof <Bahnhofsgebäude; Schuppen; Bahnsteig>	Q98094452			
Bahnhof; Bahnsteig	Q98094452	Q325358		
Bahnhof; Bahnsteig; Bahnviadukt	Q98094452			
Bahnhofsanlagen	Q98094452			
Bahnhofsgebäude	Q98094452			
Bahnhofsgebäude (Güterbahn, Halle mit Kopfbau); Pflaster; Rampe	Q98094452	Q3328263		
Bahnhofsgebäude (Güterbahnhof) (hier Güterhalle)	Q98094452			
Bahnhofsgebäude (S-Bahn)	Q98094452			
Bahnhofsgebäude (U-Bahn)	Q98094452			
Bahnhofsgebäude; Gleisanlage/Bahngebäude; Bahnbrücken	Q98094452			
Bahnhofsgebäude; Toilettenhaus	Q98094452	Q813966		
Bahnsteiggebäude	Q98094452			
Bahnsteigüberdachung	Q325358			
Bahntrasse (erhöhte Gleisführung)	Q109278983			
Bahntrasse (U-Bahn, erhöhte Gleisführung)	Q109278983			
Bahnviadukt	Q1210334			
Bahnviadukt (U-Bahn)	Q1210334			
Bahnviadukt (U-Bahn)/ Bahnbrücke	Q1210334			
Bankgebäude	Q18761864			
Bankgebäude (mit Wohnung)	Q18761864			
Baracke (Büronutzung)	Q6502413			
Bauernhaus	Q489357			
Bauernhaus {Kavalierhaus (nach Umnutzung)}	Q489357			
Baum; Kriegerdenkmal	Q10884	Q575759		
Baumreihe	Q10884			
Baumreihe; Einfriedung; Wohnen	Q10884	Q1307347		
Baumreihe; Wohnen	Q10884			
Bauschmuck; Kriegerdenkmal	Q575759			
Bauskulptur (Attika)	Q860861			
Beamtenwohnhaus	Q11755880			
Befestigungsanlage	Q57821			
Befestigungsanlagen {Parkanlage}	Q57821	Q22698		
Begrünter Innenhof	Q309250			
begrünter Innenhof	Q309250			
Behelfsheim	Q11755880			
Behelfsheim (Plattenhaus); Nutzgarten; Einfriedung <Hecke; Zaun>; Weg	Q11755880	Q1307347		
Beratungsstelle	Q2519340			
Betriebsgebäude	Q1662011			
Betriebsgebäude (Nebengebäude)	Q1662011			
Betriebsgebäude <Laborgebäude, Verwaltungsgebäude, Beamtenwohnhaus>	Q1662011			
Betriebsgebäude; Verwaltungsgebäude	Q1662011			
Betriebshof	Q1662011			
Betriebswerk <Betriebsgebäude>	Q1662011			
Bibliothek	Q7075			
Bibliothek (Öffentliche Bücherhalle) {Gaststätte (nach Umnutzung)}	Q7075	Q62602544		
Bibliotheksgebäude	Q7075			
Bleicherhaus	Q58403020			
Bleicherhaus (Doppelhaus mit anschließendem rückwärtigen Wirtschaftsteil , u.a. Pack- und Plätträume)	Q58403020			
Bleicherhaus (Doppelhaus)	Q58403020			
Bleicherhaus (Häuserzeile, Hofbebauung, Hinterhaus)	Q58403020			
Bleicherhaus (Hofbebauung, Hinterhaus)	Q58403020			
Bleicherhaus (Vorderhaus)	Q58403020			
Bleicherhaus (Wohngebäude mit angebautem Wirtschaftsteil, vermutl. Waschhaus); Vorgarten; Pflaster	Q58403020	Q3328263		
Bleicherhaus (z.T. Hoflage)	Q58403020			
Bleicherhaus; Vorgarten; Einfriedung; Pflaster	Q58403020	Q1307347	Q3328263	
Bodenspeicher	Q1362225			
Böllerstation	Q47162123			
Bootsanleger <Ponton; Brücke>				
Bootshaus	Q1777951			
Bootshaus/Vereinshaus	Q1777951	Q1103285		
Bootshaus/Wohnhaus	Q1777951			
Bootshaus; Brücke; Pavillon; Uferbefestigung	Q1777951	Q276173		
Börse	Q41176			
Botanischer Garten {Parkanlage}	Q22698			
Brack				
Brauereikeller <Keller; Einfahrstor>				
Brauhaus/ Branntweinbrennerei	Q47162123			
Bronzetafel				
Brücke	Q12280			
Brücke (Fußgängerbrücke)	Q12280			
Brücke/Grenzzeichen	Q12280			
Brücke/Steg	Q12280			
Brücke/Widerlager/Gewerbebau	Q12280			
Brücke/Widerlager/Gewerbebau/Kasematte	Q12280			
Brücke; Gewerbegebäude; Kasematte	Q12280	Q1021645		
Brücken	Q12280			
Brückengeländer; Kandelaber				
Brückenskulptur	Q860861			
Brunnen	Q43483			
Brunnen (Becken/Brunnenfigur)	Q43483			
Brunnen/ Denkmal	Q43483			
Brunnenanlage	Q43483			
Brunnenplastik	Q860861			
Brunnenskulptur	Q860861			
Brunnenskulpturen	Q860861			
Bücherhalle	Q7075			
Bunkerhaus	Q91122			
Bunkerhaus (Krankenhausbunker); Tunnel (unter der Bülowstraße)	Q91122			
Bunkerhaus (OP-Bunker)	Q91122			
Bunkerhaus {Institutsgebäude (nach Umnutzung)}	Q91122			
Büro- und Gewerbegebäude	Q1021645			
Büro- und Wohngebäude	Q1021645			
Büro- und Wohnhaus	Q1021645			
Bürobau	Q1021645			
Bürogebäude	Q1021645			
Bürogebäude (Fabrik)	Q1021645			
Bürogebäude (Verlag)	Q1021645			
Bürogebäude/ Zollamt	Q1021645			
Bürogebäude/Gewerbebau	Q1021645			
Bürogebäude/Passage	Q1021645			
Bürogebäude/Speicher	Q1021645	Q1362225		
Bürogebäude/Wohngebäude/Hochhaus	Q1021645	Q11755880	Q18142	
Bürogebäude; Wohnen	Q1021645	Q11755880		
Bürogeschäftshaus	Q1021645			
Bürohaus	Q1021645			
Bürohaus (mit Badeanstalt)	Q1021645			
Bürohochhaus (mit Andachtsräumen)	Q1021645	Q18142		
Clubhaus	Q1103285			
Clubhaus; Sportgelände (Polospielfeld)	Q1103285			
Dach				
Deich	Q105190			
Deich (Hauptdeich)	Q105190			
Deich (mit Straße)	Q105190			
Deich (Sommerdeich)	Q105190			
Deichvorland	Q105190			
Denkmal	Q5003624			
Denkmal (Bronzestandbild, Granitsockel)	Q5003624			
Denkmal (Denkmal für die Erhebung Schleswig-Holsteins 1848 und Kriegerdenkmal 1914/ 18)	Q575759			
Denkmal (Denkmal für die Erhebung Schleswig-Holsteins 1848)	Q5003624			
Denkmal (Findling mit Tafel)	Q5003624			
Denkmal (Gedenkstein/ Stele)	Q5003624			
Denkmal (Kriegerdenkmal 1870/71; Gegendenkmal)	Q575759			
Denkmal (zwei Reliefs)	Q5003624			
Denkmal <Gedenkstein/Eichen/Rasenfläche>	Q5003624			
Denkmal/ Brunnen	Q5003624			
Denkmal/ Ehrenmal	Q5003624			
Denkmal/ Kriegerdenkmal (Kriegerdenkmal 1914/ 18)	Q575759			
Denkmal; Friedhof; Pflaster; Turm; Wohnen	Q5003624	Q3328263		
Denkmal; Grabmal	Q5003624			
Denkmalanlage	Q5003624			
Denkmalanlage (Findlinge, z.T. mit Bronzeplatte) <Kriegerdenkmal 1848/ 51; Kriegerdenkmal 1870/ 71; Kriegerdenkmal 1914/ 18; Kriegerdenkmal 1939/ 45; Denkmal für die Erhebung Schleswig-Holsteins)>	Q575759			
Denkmalanlage (Gruppe von Gedenksteinen)	Q5003624			
Denkmalanlage (Kriegerdenkmal 1870/ 71)	Q575759			
Denkmalanlage (Kriegerdenkmal 1914/ 18 und 1939/ 45) <Mauer; Stele; Tafeln>	Q575759			
Denkmalanlage (Kriegerdenkmal 1914/ 18)	Q575759			
Denkmalanlage (Kriegerdenkmal 1914/18 und 1939-45)	Q575759			
Denkmalanlage (Mauer mit Tafel und niedriger Zaun)	Q5003624			
Denkmalanlage (Obelisk, Sockel, gusseiserne Einfriedung)	Q5003624	Q1307347		
Denkmalanlage (Reiterstandbild mit vier weiteren Figuren (Allegorien))	Q5003624			
Denkmalanlage (Reiterstandbild)	Q5003624			
Denkmalanlage <Findling; Baum>	Q5003624			
Denkmalanlage <Findling; Einfriedung>	Q5003624	Q1307347		
Denkmalanlage <Kriegerdenkmal (Kriegerdenkmal 1870/ 71); Eiche; Teich; Findling>	Q575759			
Desinfektionshaus	Q1220959			
Dienstgebäude (Militärintendantur)	Q1220959			
Dienstwohngebäude	Q1220959	Q11755880		
Dienstwohngebäude (Beamtenwohnhaus)	Q1220959	Q11755880		
Dienstwohngebäude (Offizierswohnungen)	Q1220959	Q11755880		
Dienstwohnhaus (Schwesternhaus)	Q1220959	Q11755880		
Dienstwohnhaus/ Amtshaus (im 19. Jh. zwischenzeitlich genutzt als Amtsgericht)	Q1220959	Q11755880		
Doppelhaus	Q6453233			
Doppelhaus (Sommerhaus)	Q6453233			
Doppelhaushälfte	Q6453233			
Doppelwohnhaus	Q6453233			
Doppelwohnhaus; Einfriedung	Q6453233	Q1307347		
Dorfkern				
Dreehus	Q47162123			
Dreehus (Einzelwohnhaus vor Anbau von Nr. 22 und 24)	Q47162123			
Druckausgleichsbehälter (Turmform)/ Schornstein				
Druckereigebäude	Q47162123			
Einfahrtspfosten (vermutl.)				
Einfamilienhaus	Q1307276			
Einfamilienhaus (Bahnwärterwohnhaus)	Q1307276			
Einfamilienhaus (Doppelhaus)	Q6453233			
Einfamilienhaus (Doppelhaushälfte)	Q6453233			
Einfamilienhaus (Kernbau Bleicherhaus)	Q1307276			
Einfamilienhaus (mit Garage (Anbau)); Einfriedung	Q1307276	Q1307347		
Einfamilienhaus (mit Garage)	Q1307276			
Einfamilienhaus (nur Äußeres/ Fassaden)	Q1307276			
Einfamilienhaus (Reihenhaus gehobener Standard)	Q875016			
Einfamilienhaus (Reihenhaus, Typ Teppich-Siedlung)	Q875016			
Einfamilienhaus (Reihenvilla)	Q3950			
Einfamilienhaus (Villa) {Mehrfamilienhaus (nach Umnutzung)}	Q3950			
Einfamilienhaus (vororttypischer gehobener Zuschnitt)	Q1307276			
Einfamilienhaus {Altenheim (nach Umbau)}; Vorgarten	Q1307276			
Einfamilienhaus {Mehrfamilienhaus (nach Umbau)}	Q1307276			
Einfamilienhaus/ Villa	Q3950			
Einfamilienhaus/Reihenhaus	Q1307276			
Einfamilienhaus; Einfriedung	Q1307276	Q1307347		
Einfamilienhaus; Einfriedung; Pavillon	Q1307276	Q1307347	Q276173	
Einfamilienhaus; Einfriedung; Tor	Q1307276	Q1307347		
Einfamilienhaus; Einfriedung; Vorgarten	Q1307276	Q1307347		
Einfamilienhaus; Einfriedung; Vorgarten; u.a.	Q1307276	Q1307347		
Einfamilienhaus; Garage	Q1307276			
Einfamilienhaus; Garage; Garten; Einfriedung	Q1307276	Q1307347		
Einfamilienhaus; Garten	Q1307276			
Einfamilienhaus; Mehrfamilienhaus	Q1307276			
Einfamilienhaus; u.a.	Q1307276			
Einfamilienhaus; Vorgarten	Q1307276			
Einfamilienhaus; Werftanlage <Werkstattgebäude; Slipananlage>	Q1307276			
Einfamilienhaus; Wohnnebengebäude; Einfriedung	Q1307276	Q1307347		
Einfamilienreihenhaus	Q875016			
Einfamilienreihenhaus mit Vorgarten und Einfriedung	Q875016	Q1307347		
Einfamilienwohnhaus	Q1307276			
Einfamilienwohnhaus, Einfriedung	Q1307276	Q1307347		
Einfriedung	Q1307347			
Einfriedung (gusseiserne Einzäunung mit Torpfeilern)	Q1307347			
Einfriedung (Gußeisernes Gitter)	Q1307347			
Einfriedung/ Tor	Q1307347			
Einfriedung/Freisitz/Garage	Q1307347			
Einfriedung; Etagenhaus	Q1307347			
Einfriedung; Garage; Garten; Schwimmbecken; Villa; Vorgarten	Q1307347	Q3950		
Einfriedung; Schule	Q1307347			
Einfriedung; Schulgebäude	Q1307347			
Einfriedung; Siedlungsbau; Vorgarten	Q1307347			
Einfriedung; Treppe; Wohnstift	Q1307347			
Einfriedung; Villa	Q1307347	Q3950		
Einfriedung; Villa; Vorgarten	Q1307347	Q3950		
Einfriedung; Werkstatt; Wohnen	Q1307347			
Einfriedung; Wohnen	Q1307347			
Einfriedung; Wohnwirtschaftsgebäude	Q1307347			
Eingangsgebäude; Remise; Villa	Q3950	Q517820		
Eingangstor				
Einkaufspassage/ Bürogebäude	Q11315			
Einkaufspassage/ Bürogebäude; Parkhaus	Q11315	Q13218805	Q13218805	
Einkaufszentrum	Q11315			
Eiskeller				
Eiskeller; Garten; Gasthaus				
Elektrizitätswerk <Wohnhaus; Maschinenhalle; Kesselhaus>	Q10482023			
Entleerungspumpwerk	Q47162123			
Entwässerungssystem				
Erholungsheim	Q1351018			
Etagengeschäftshaus	Q655686			
Etagenhau/ Geschäftshaus	Q1498804	Q655686		
Etagenhaus	Q1498804			
Etagenhaus (Bahnbeamten- und Arbeiterwohnhaus)	Q1498804			
Etagenhaus (Doppelhaus)	Q1498804			
Etagenhaus (Doppelhaushälfte)	Q1498804			
Etagenhaus (Fassade)	Q1498804			
Etagenhaus (Genossenschaftswohnblock)	Q1498804			
Etagenhaus (Hamburger Burg)	Q1498804	Q1572977		
Etagenhaus (Hinterhaus)	Q1498804			
Etagenhaus (Hinterhaus); Pflaster (in der Durchfahrt)	Q1498804	Q3328263		
Etagenhaus (Hinterhaus); Pflaster in der Durchfahrt)	Q1498804	Q3328263		
Etagenhaus (Hinterhaus, Wohnpassage)	Q1498804			
Etagenhaus (Hinterhaus, Wohnterrasse)	Q1498804			
Etagenhaus (Hofbebauung)	Q1498804			
Etagenhaus (Hofbebauung); Hofflächen	Q1498804			
Etagenhaus (mit Eiskeller)	Q1498804			
Etagenhaus (mit Gastronomie)	Q1498804	Q62602544		
Etagenhaus (mit Gastronomie, Eckgebäude)	Q1498804	Q62602544		
Etagenhaus (mit Gaststätte und Laden)	Q1498804	Q213441	Q62602544	
Etagenhaus (mit gewerblich genutztem Gebäudeteil)	Q1498804			
Etagenhaus (mit Kontor und Lager)	Q1498804	Q1783234		
Etagenhaus (mit Laden im Keller)	Q1498804	Q213441		
Etagenhaus (mit Laden im Keller) (Vorderhaus)	Q1498804	Q213441		
Etagenhaus (mit Laden im Keller, Vorderhaus); Speicher/ Werkstattgebäude (Hofbebauung)	Q1498804	Q213441	Q1362225	
Etagenhaus (mit Laden und Gaststätte)	Q1498804	Q213441	Q62602544	
Etagenhaus (mit Laden)	Q1498804	Q213441		
Etagenhaus (mit Läden)	Q1498804	Q213441		
Etagenhaus (mit Laden); Vorplatz	Q1498804	Q213441		
Etagenhaus (mit Werkstattflügel)	Q1498804			
Etagenhaus (Typ Hamburger Burg)	Q1498804			
Etagenhaus (vermutl.)	Q1498804			
Etagenhaus (Vorderhaus einer Wohnterrasse)	Q1498804			
Etagenhaus (Vorderhaus)	Q1498804			
Etagenhaus (Vorderhaus); Hofbebauung	Q1498804			
Etagenhaus (Vorderhaus); Mietfabrik (Hinterhaus)	Q1498804			
Etagenhaus (Vorderhaus); Pflaster (in der Durchfahrt)	Q1498804	Q3328263		
Etagenhaus (Vorderhaus); Werkstatt (Hofbebauung)	Q1498804			
Etagenhaus (Vorderhaus); Wohngebäude (Hinterhaus)	Q1498804			
Etagenhaus (Vorderhaus, mit Durchfahrt)	Q1498804			
Etagenhaus (Vorderhaus, Wohnpassage)	Q1498804			
Etagenhaus (Vorderhaus, Wohnterrasse)	Q1498804	Q2588111		
Etagenhaus (Vorderhaus, Wohnterrasse),Wohngebäude (Hinterhaus, Wohnterrasse)	Q1498804			
Etagenhaus (Vorderhaus, Wohnterrasse),Wohngebäude (Vorderhaus, Wohnterrasse)	Q1498804			
Etagenhaus (Vorderhaus, Wohnterrasse); Vorgärten; Pflaster	Q1498804	Q3328263		
Etagenhaus (Wohn- und Geschäftshaus)	Q1498804			
Etagenhaus (Wohn- und Geschäftshaus, mit Lagerräumen und Kontor im EG, Hofdurchfahrt)	Q1498804	Q1783234		
Etagenhaus (Wohngeschäftshaus)	Q1498804	Q655686		
Etagenhaus (Wohnstiftung)	Q1498804			
Etagenhaus {Geschäftshaus (nach Umbau)}	Q1498804			
Etagenhaus {Wohn- und Geschäftshaus (nach Umnutzung bzw. Erweiterung)}	Q1498804			
Etagenhaus {Wohn- und Geschäftshaus (nach Umnutzung, u.a. auch Postamt)} }	Q1498804			
Etagenhaus mit Vorgarten	Q1498804			
Etagenhaus Terrassenvorderhaus	Q1498804			
Etagenhaus,Wohngebäude	Q1498804			
Etagenhaus/ Eilguthalle (Halle im Erdgeschoss)	Q1498804			
Etagenhaus/ Gaststätte (mit Saalanbau)	Q1498804	Q62602544		
Etagenhaus/Stift	Q1498804			
Etagenhaus; Einfriedung	Q1498804	Q1307347		
Etagenhaus; Einfriedung; Vorgarten	Q1498804	Q1307347		
Etagenhaus; Gebäude (Hofbebauung)	Q1498804			
Etagenhaus; Hofbebauung (drei Gebäude)	Q1498804			
Etagenhaus; Hofbebauung (gewerblich)	Q1498804			
Etagenhaus; Speicher	Q1498804	Q1362225		
Etagenhaus; u.a.	Q1498804			
Etagenhaus; Vorgarten	Q1498804			
Etagenhäuser (Vorderhäuser, Wohnterrasse)	Q1498804			
Etagenwohnhaus	Q1498804			
Fabrikanlage	Q1662011			
Fabrikanlage (Fabrik- und Werkhallenkomplex)	Q1662011			
Fabrikanlage (Fabrikgebäude)	Q1662011			
Fabrikanlage (Fleischwarenfabrik)	Q1662011			
Fabrikanlage (Ölfabrik); Wasserturm	Q1662011			
Fabrikanlage (Papierfabrik)	Q1662011			
Fabrikanlage (Tabakfabrik)	Q1662011			
Fabrikanlage <Fabrikgebäude; Werkstattgebäude; Fabrikhallen>	Q1662011			
Fabrikanlage <Fabrikgebäude; Zufahrt; Gleise; Pflaster>	Q1662011	Q3328263		
Fabrikanlage; Straße; Pflaster; Gleise	Q1662011	Q3328263		
Fabrikationsanlage	Q1662011			
Fabrikbau	Q1662011			
Fabrikgebäude	Q1662011			
Fabrikgebäude (Arbeitshalle)	Q1662011			
Fabrikgebäude (Eisen- und Stahlgießerei)	Q1662011			
Fabrikgebäude (Fabrikhalle für Stahlfabrikation)	Q1662011			
Fabrikgebäude (Fabrikhalle)	Q1662011			
Fabrikgebäude (Fabrikhallen)	Q1662011			
Fabrikgebäude (Geschossbau)	Q1662011			
Fabrikgebäude (Großbäckerei); Schornstein; Silo	Q1662011			
Fabrikgebäude (Hinterhaus)	Q1662011			
Fabrikgebäude (Hofbebauung)	Q1662011			
Fabrikgebäude (Kesselhaus)	Q1662011			
Fabrikgebäude (Kontorgebäude mit Lagertrakt südwärts)	Q1783234	Q1662011		
Fabrikgebäude (Kontorgebäude/Lagerhaus/Wohnhaus) (hier Vorderhaus)	Q1783234	Q1662011		
Fabrikgebäude (Kontorgebäude/Maschinenhaus/Wohnhaus)	Q1783234	Q1662011		
Fabrikgebäude (Maschinen- und Werkstattgebäude)	Q1662011			
Fabrikgebäude (Mietfabrik)	Q1662011			
Fabrikgebäude (Produktionsgebäude)	Q1662011			
Fabrikgebäude (Produktionsgebäude/ Kontor- und Lagerhaus)	Q1783234	Q1662011		
Fabrikgebäude (Raffinerieanlage)	Q1662011			
Fabrikgebäude (Remise/ Stall/ Lagerhaus)	Q1662011	Q517820		
Fabrikgebäude (Schlosserei/Lagergebäude)	Q1662011			
Fabrikgebäude (Sheddachhalle)	Q1662011			
Fabrikgebäude (Weberei mit Verwaltung)	Q1662011			
Fabrikgebäude (Werkstattgebäude)	Q1662011			
Fabrikgebäude (Zinnschmelze)	Q1662011			
Fabrikgebäude <Produktionshallen/ Montagehallen; Betriebsbüro; u.a.>	Q1662011			
Fabrikgebäude/ Lagerhaus {nach Umnutzung}	Q1662011			
Fabrikgebäude/ Speicher; Fabrikgebäude (Sheddachhalle)	Q1662011	Q1362225		
Fabrikgebäude/Lagergebäude	Q1662011			
Fabrikgebäude/Speicher	Q1662011	Q1362225		
Fabrikgebäude/Verwaltungsgebäude	Q1662011			
Fabrikgebäude; Hoffläche; Uferbefestigung	Q1662011			
Fabrikgebäude; Speicher	Q1662011	Q1362225		
Fabrikgebäude; Wohnhaus	Q1662011			
Fabrikhalle	Q1662011			
Fabrikhallen <Montagehalle; u.a.>	Q1662011			
Fabrikkomplex	Q1662011			
Fabrikschornstein	Q1662011			
Fabrikverwaltungsgebäude	Q1662011			
Fachwerkkate	Q12020836			
Fahnenmast				
Fährstein				
Fassade	Q183061			
Fassade (Etagenhausfassade)	Q183061			
Fassade (Gaststättenfassade); Terrasse (Gartenwirtschaft)	Q183061	Q62602544		
Fassade (Kontorhausfassade)	Q183061	Q1783234		
Fassade (Stadthausfassade)	Q183061			
Fassade mit Dachansicht (Etagenhaus)	Q183061			
Fassade; Treppenhaus	Q183061			
Fassaden	Q183061			
Feierhallen	Q47162123			
Fernmeldeamt (Betriebs- und Verwaltungsgebäude)	Q1406989			
Fernmeldeturm	Q47162123			
Fernmeldezeugamt	Q47162123			
Fernsprechamt/ Postgebäude	Q1406989			
Feuerwache	Q1195942			
Feuerwache (Spritzenhaus)	Q1195942			
Feuerwehrhaus	Q1195942			
Feuerwehrremise	Q1195942			
Filterwerk (Sandfiltration)	Q47162123			
Fischerhaus	Q41176			
Fischerhaus (Haushälfte)	Q41176			
Fischerhaus (Tweehus)	Q41176			
Fischerhaus (Tweehus, Fachwerkhaus)	Q41176			
Fischerhaus (Tweehus-Hälfte)	Q41176			
Fischerhaus; Gartenlaube (vermutl.)	Q41176			
Fleet	Q1427694			
Flugzeughallen	Q47162123			
Fluss	Q4022			
Folly (Nachbau einer Burgruine)	Q180174			
Forschungszentrum	Q47162123			
Forsthaus	Q1425352			
Forsthof/ Wohnanwesen <Wohnhaus; Stall (mit Gärtnerwohnung); Weintreibhaus; Treibhaus; Garten; Allee; Weideflächen	Q1425352			
Freifläche				
Freiplastik	Q350268			
Freiplastik (auf Betonsockel)	Q350268			
Friedhof	Q39614			
Friedhof (Jüdischer Friedhof)	Q39614			
Friedhof (jüdischer Friedhof)	Q39614			
Friedhof (Zentralfriedhof)	Q39614			
Friedhof {Parkanlage (nach Umnutzung)}	Q39614	Q22698		
Friedhof <Friedhofsgelände; Friedhofskapelle; Tor; Grabsteine>	Q39614			
Friedhof <Grabmäler; Kriegerdenkmal; Gedenkstein; Einfriedung; u.a.>	Q39614	Q1307347	Q575759	
Friedhof <Grabstätten; Friedhofskapelle; Friedhofsgebäude; u.a.>	Q39614			
Friedhof <Grabstätten; Friedhofskapelle; u.a.>	Q39614			
Friedhof <Grabsteine; Grüfte; Kriegerdenkmal; Friedhofskapelle; Torhaus/ Wartehalle; Einfriedungen; Tor>	Q39614	Q1307347	Q575759	
Friedhof <Wegenetz; Baumbestand; Grabmäler; Treppenanlage; Einfriedung; Tor>	Q39614	Q1307347		
Friedhof; Einfriedung	Q39614	Q1307347		
Friedhof; Grabsteine	Q39614			
Friedhof; Kirche	Q39614	Q16970		
Friedhof; Park	Q39614	Q22698		
Friedhofskapelle	Q1457501			
Friedhofskapelle {Kirchengebäude (nach Umnutzung)}	Q1457501	Q16970		
Funkorgel				
Fußgängerbrücke	Q1068842			
Fußgängertunnel (im Bahndamm); Böschungsmauern (Zyklopenmauerwerk)	Q44377			
Futtermauer				
Garage	Q22733			
Garage/Werkstatt	Q22733			
Garage; Atelier	Q22733			
Garage; Mehrfamilienhaus	Q22733			
Garage; Parkhaus; Werkstatt; Tankstelle	Q22733	Q13218805		
Garage; Stall; Wohnen	Q22733			
Garage; Villa	Q22733	Q3950		
Garage; Wohnen	Q22733			
Garagen	Q22733			
Garagenanlage	Q22733			
Garten	Q1107656			
Garten (Hecken; Wasserbecken; usw.)	Q1107656			
Garten (mit Linden)	Q1107656			
Garten (Wiesenfläche)	Q1107656			
Garten; Landhaus	Q1107656			
Garten; Landhaus; Mauer; Tor	Q1107656			
Garten; Schwimmbecken	Q1107656			
Garten; Wohnanlage	Q1107656			
Garten; Wohnen	Q1107656			
Gartenanlage <Terrassen; Gartenhaus; Baumbestand; u.a.>	Q1107656			
Gartenhaus	Q5787273			
Gartenhaus/Wohnhaus; Einfriedung	Q5787273	Q1307347		
Gartenhäuschen	Q5787273			
Gartenhof				
Gartenpavillon	Q276173			
Gärtner- bzw. Kutscherhaus; Einfriedung	Q5787273	Q1307347		
Gärtnerei	Q47162123			
Gärtnerhaus	Q17496318			
Gärtnerhaus/ Verwalterhaus; Einfriedung	Q17496318	Q1307347		
Gärtnerhaus/Torhaus	Q17496318			
Gärtnerhaus; Remise; Stall; Taubenhaus; Villa; Weg	Q17496318	Q517820	Q3950	
Gärtnerhaus; Taubenhaus/ Gerätehaus	Q17496318			
Gärtnerhaus; Zaun	Q17496318			
Gärtnerwohnhaus	Q17496318			
Gasreglerhaus/ Wohnhaus	Q47162123			
Gasthaus	Q5526694			
Gasthaus (mit Saal)	Q5526694			
Gasthaus (mit Tanzsaal und Kegelbahn, im Kern urspr. Wohngebäude)	Q5526694			
Gasthaus mit Saalanbau	Q5526694			
Gasthaus/ Ausflugslokal <Gasthaus/ Hotel; Saalbau mit Konzert- und Ballsaal/ Aussichtsturm>	Q5526694			
Gasthaus/ Wohngebäude	Q5526694			
Gasthaus/ Wohnhaus	Q5526694			
Gasthaus; Remise; u.a.	Q5526694	Q517820		
Gasthausgebäude	Q5526694			
Gaststätte	Q5526694			
Gaststätte (Kaffeeklappe für Hafenarbeiter)	Q5526694			
Gaststätte (mit Bootsverleih)	Q5526694			
Gaststätte (mit Saal)	Q5526694			
Gaststätte/ Herberge	Q5526694			
Gaststätte/ Wohnhaus	Q5526694			
Gaststätte/Ladengebäude	Q5526694	Q213441		
Gaststätte; Garten	Q5526694	Q1107656		
Gaswerk	Q1495738			
Gaswerk <Gasmessanlage; Gelbkali-Fabrik; Gasförderanlage>	Q1495738			
Gaswerksgebäude/ Betriebsgebäude (Halle; Gasreinigung)	Q1495738			
Gaswerksgebäude/ Betriebsgebäude (Halle; Kohlenschuppen mit höherem Kohlenbunker)	Q1495738	Q91122		
Gaswerksgebäude/ Betriebsgebäude (Halle; Kohlenschuppen)	Q1495738			
Gaswerksgebäude/ Betriebsgebäude (Kohlenturm)	Q1495738			
Gaswerksgebäude/ Betriebsgebäude (Uhren- und Reglerhaus)	Q1495738			
Gaswerksgebäude/ Betriebsgebäude (Verwaltungsgebäude)	Q1495738			
Gaswerksgebäude/ Betriebsgebäude (Werkstattgebäude)	Q1495738			
Gaswerksgebäude/ Betriebsgebäude; Einfriedung (zur Straße)	Q1495738	Q1307347		
Gebäude	Q41176			
Gebäude (Hofbebauung, Hinterhaus)	Q41176			
Gebäudeteil (Erdgeschoss)				
Gebäudeteile				
Gedenkstätte				
Gedenkstein	Q11734477			
Gedenksteine (Findlinge)	Q11734477			
Gedenktafel	Q721747			
Gedenkzeichen; Kirchengebäude		Q16970		
Gefängnis	Q40357			
Gefängnisbau	Q40357			
Gefechtsturm				
Gehwegplatten				
Gemeindehaus	Q1500615			
Gemeindehaus (Gemeindesaal, Anbau an Etagenhaus)	Q1500615			
Gemeindehaus mit Kindergarten	Q1500615			
Gemeindehaus/ Pfarrhaus	Q1500615			
Gemeindehaus/ Wohnhaus	Q1500615			
Gemeindehaus/Pastorat	Q1500615	Q607241		
Gemeindehaus; Kirche	Q1500615	Q16970		
Gemeindehaus; Kirchengebäude	Q1500615	Q16970		
Gemeindehaus; Pastorat	Q1500615	Q607241		
Gemeindehaus; Pastorat; Turm	Q1500615	Q607241	Q72926449	
Gemeindehaus; Pfarrhaus	Q1500615	Q607241		
Gemeindezentrum	Q1500615			
Gemeindezentrum (Kirchengebäude mit Gemeinderäumen)	Q1500615	Q16970		
Gemeindezentrum (Kirchengebäude/ Gemeindehaus/ Pfarrhaus)	Q1500615	Q16970		
Gemeindezentrum <Kindergarten; u.a.>	Q1500615			
Gemeindezentrum <Kirchengebäude; Gemeindesaal; Skulpturen; Außenanlagen (Treppen, Mauern, Freiflächen usw.)>	Q1500615	Q16970	Q860861	
Gemeindezentrum <Kirchengebäude; u.a.>	Q1500615	Q16970		
Gemeindezentrum <Kirchensaal; u.a.>	Q1500615			
Gemeindezentrum <Pfarrhaus; u.a.>	Q1500615	Q607241		
Gemeindezentrum; Kirchengebäude	Q1500615	Q16970		
Gemeindezentrum; Pastorat	Q1500615	Q607241		
Gerätehaus	Q47162123			
Gericht	Q1137809			
Gerichtsgebäude	Q1137809			
Gerichtsgebäude; Gefängnis	Q1137809			
Geschäftsgebäude	Q655686			
Geschäftsgebäude/ Lagergebäude	Q655686			
Geschäftsgebäude; Siedlungsbau	Q655686			
Geschäftshaus	Q655686			
Geschäftshaus {Etablissement (nach Umnutzung)}	Q655686			
Geschäftshaus/ Gaststätte	Q655686			
Geschäftshaus/ Kontorhaus	Q655686	Q1783234		
Geschäftshaus; Speicher (rückwärtig)	Q655686	Q1362225		
Geschosswohnungsbau	Q11755880			
Gesellschaftshaus	Q47162123			
Getreidespeicher (Silo); Verladebrücke (stationäre Anlage zur Wasserseite)	Q1362225			
Gewächshaus (Erdgewächshaus)	Q47162123			
Gewächshäuser	Q47162123			
Gewässer				
Gewerbebau	Q1520437			
Gewerbebau (Hinterhaus)	Q1520437			
Gewerbebau (Hofbebauung)	Q1520437			
Gewerbebau (Hofbebauung)/Speicher (Kanalbebauung)	Q1520437	Q1362225		
Gewerbebau (Hofbebauung, Gewerbehof)	Q1520437			
Gewerbebau (Speichergebäude)	Q1520437	Q1362225		
Gewerbebau/ Wohnhaus	Q1520437			
Gewerbebau/Speicher	Q1520437	Q1362225		
Gewerbebauten	Q1520437			
Gewerbegebäude	Q1520437			
Gewerbekomplex	Q1520437			
Gewerbekomplex <Gewerbegebäude; Büro- und Gewerbegebäude; u.a.>	Q1520437			
Glasfenster				
Gleisanlagen (Überreste); Bahnsteig (Überreste)				
Glockenturm	Q200334			
Göpelhaus	Q47162123			
Gräber	Q56055312			
Grabmal	Q56055312			
Grabmal (Ehrengrabstätte mit Gedenkstein und eingefriedetem Grabfeld)	Q56055312			
Grabmal {Denkmal (nach Umgestaltung)}	Q56055312			
Grabmal; Kirche	Q56055312	Q16970		
Grabmale	Q56055312			
Grabmale; Grabanlagen	Q56055312			
Grabschmuck	Q56055312			
Grabsteine	Q56055312			
Grabsteine/ Erinnerungsmale	Q56055312			
Grabsteine/ Erinnerungsmale (mit Einfriedung)	Q56055312	Q1307347		
Grabsteine; Grüfte mit liegenden Grabplatten; Grabstätten	Q56055312			
Grenzstein	Q921099			
Grenzstein (Fischereibegrenzungsstein)	Q921099			
Grenzstein (Forst- und Ämterstein)	Q921099			
Grenzstein (vermutl.)	Q921099			
Grenzstein (Wegeunterhaltungsstein)	Q921099			
Grenzstein (Zunft)	Q921099			
Grenzstein/Grenzsäule	Q921099			
Großmarkt	Q5640773			
Grotte (Gartengrotte)				
Grünanlage	Q22652			
Grünanlage (gärtnerisch gestalteter Vorplatz östlich des Schulgebäudes)	Q22652			
Grünanlage <Grünflächen; Teich; Bäume (Eichen)>	Q22652			
Grünfläche	Q22652			
Grünfläche; Entwässerungsgraben	Q22652			
Grüngestaltung	Q22652			
Grünstreifen	Q22652			
Güterbahnhofsgebäude/ Bahnschuppen	Q55493			
Güterbahnhofsgebäude/Bahnschuppen	Q55493			
Güterwagenhalle	Q47162123			
Gutsanlage <Herrenhaus; Stallgebäude; Nebengebäude; Geflügelhaus; Instenhaus; Lagerhaus; Torhaus; Allee; Pflaster; Teich; Grünfläche>	Q879050	Q3328263		
Gutsgelände (historisch geprägte Flächen)	Q879050			
Gutshaus	Q879050			
Gutshaus {Landhaus (nach Umbau)}	Q879050			
Hafen	Q1414773			
Hafen; Kanal	Q1414773			
Hafenbecken <Hafenbecken; Uferbefestigung>; Schlengelanlage	Q1414773			
Hafentreppe (mit Kasematten, Geländer und Laternen)				
Halbportalkrananlage	Q178692			
Halle (Straßenbahndepot)	Q240854			
Halle 15	Q240854			
Halle 15.1	Q240854			
Hallen 14 bis 14.2	Q240854			
Handwerkerhaus	Q58403020			
Handwerkerhaus (Reepschlägerei) {Mehrfamilienhaus (nach Umnutzung}	Q58403020			
Hangbefestigung/ Hanggestaltung <Futtermauern; Geländer; Gitter; Treppen; terrassiertes Gelände>				
Hauptgebäude	Q47162123			
Haus für Sportler	Q47162123			
Hausgarten	Q114794860			
Heckeneinfriedung	Q1307347			
Heim	Q47162123			
Heim ("Erziehungsanstalt für sittlich verwahrloste Knaben") {Mehrfamilienhaus (nach Umbau 1923)}	Q47162123			
Heimgebäude	Q47162123			
Heuberg	Q47162123			
Hinterhaus	Q47162123			
HJ-Heim	Q47162123			
Hochbahnviadukt				
Hochbrücke				
Hochschulgebäude	Q47162123			
Hochschulgebäude (Fachhochschule)	Q47162123			
Hochschulgebäude; Institutsgebäude	Q47162123			
Hof	Q58148376			
Hofanlage	Q58148376			
Hofanlage <Bauernhaus; Scheune>	Q58148376	Q1303167		
Hofanlage <Hoffläche; u.a.>	Q58148376			
Hofanlage <Wohngebäude/ Stallgebäude; Einfriedung; u.a.>	Q58148376	Q1307347		
Hofanlage <Wohngebäude; Scheune/ Stall>	Q58148376	Q1303167		
Hofanlage <Wohnwirtschaftsgebäude; Backhaus>	Q58148376			
Hofanlage <Wohnwirtschaftsgebäude; Garten; Einfriedung; u.a.>	Q58148376	Q1307347	Q1107656	
Hofanlage <Wohnwirtschaftsgebäude; Prunkpforte>	Q58148376			
Hofanlage <Wohnwirtschaftsgebäude; Scheune; Arbeiterwohnhaus>	Q58148376	Q1303167		
Hofanlage <Wohnwirtschaftsgebäude; Scheune; Bäume; Zaun>	Q58148376	Q1303167		
Hofanlage <Wohnwirtschaftsgebäude; Scheune; Einfriedung>	Q58148376	Q1303167	Q1307347	
Hofanlage <Wohnwirtschaftsgebäude; Scheune; Hausgarten>	Q58148376	Q1303167	Q1107656	
Hofanlage <Wohnwirtschaftsgebäude; Scheune; Hoffläche; Windbäume; Lattenzaun; Auffahrt>	Q58148376	Q1303167		
Hofanlage <Wohnwirtschaftsgebäude; Scheune; massives Nebengebäude>	Q58148376	Q1303167		
Hofanlage <Wohnwirtschaftsgebäude; Scheune; Nebengebäude; Einfriedung; u.a.>	Q58148376	Q1303167	Q1307347	
Hofanlage <Wohnwirtschaftsgebäude; Scheune; Obstgarten <Baumreihe; Einfriedung>>	Q58148376	Q1303167	Q1307347	Q1107656
Hofanlage <Wohnwirtschaftsgebäude; Scheune; Pflaster>	Q58148376	Q1303167	Q3328263	
Hofanlage <Wohnwirtschaftsgebäude; Scheune; Schneitelbäume>	Q58148376	Q1303167		
Hofanlage <Wohnwirtschaftsgebäude; Scheune; Stall; Pflaster>	Q58148376	Q1303167	Q3328263	
Hofanlage <Wohnwirtschaftsgebäude; Scheune; Stall>	Q58148376	Q1303167		
Hofanlage <Wohnwirtschaftsgebäude; Scheune; Stallscheune; u.a.>	Q58148376	Q1303167		
Hofanlage <Wohnwirtschaftsgebäude; Scheune; Tore; u.a.>	Q58148376	Q1303167		
Hofanlage <Wohnwirtschaftsgebäude; Scheune; u.a.>	Q58148376	Q1303167		
Hofanlage <Wohnwirtschaftsgebäude; Scheune; Waschhaus>	Q58148376	Q1303167		
Hofanlage <Wohnwirtschaftsgebäude; Scheune; Windbäume>	Q58148376	Q1303167		
Hofanlage <Wohnwirtschaftsgebäude; Scheune>	Q58148376	Q1303167		
Hofanlage <Wohnwirtschaftsgebäude; Scheunen; Backhaus; u.a.>	Q58148376	Q1303167		
Hofanlage <Wohnwirtschaftsgebäude; Scheunen; Einfriedung>	Q58148376	Q1303167	Q1307347	
Hofanlage <Wohnwirtschaftsgebäude; Scheunen; Speicher; Stall>	Q58148376	Q1303167	Q1362225	
Hofanlage <Wohnwirtschaftsgebäude; Scheunen; Tor; Einfriedung; Pflaster>	Q58148376	Q1303167	Q1307347	Q3328263
Hofanlage <Wohnwirtschaftsgebäude; Scheunen; Tor; Einfriedung>	Q58148376	Q1303167	Q1307347	
Hofanlage <Wohnwirtschaftsgebäude; Scheunen>	Q58148376	Q1303167		
Hofanlage <Wohnwirtschaftsgebäude; Speicher (Turmspeicher)>	Q58148376	Q1362225		
Hofanlage <Wohnwirtschaftsgebäude; Stall>	Q58148376			
Hofanlage <Wohnwirtschaftsgebäude; Ställe; Einfriedung>	Q58148376	Q1307347		
Hofanlage <Wohnwirtschaftsgebäude; u.a.>	Q58148376			
Hofanlage <Wohnwirtschaftsgebäude; Wirtschaftsgebäude>	Q58148376			
Hofbebauung	Q58148376			
Hofeinfahrtssteine				
Hoffläche				
Hoffläche (rückwärtig)				
Hoffläche; Mauer				
Hofpflasterung	Q3328263			
Höft				
Höft; u.a.				
Hotel	Q27686			
Hotel (Strandhotel)	Q27686			
Hotel {Geschäftshaus (nach Umnutzung)}	Q27686			
Hotel/ Kontorhaus	Q27686	Q1783234		
Hotel; Einfriedung	Q27686	Q1307347		
Hotelhochhaus	Q27686			
Hufnerhaus	Q11755880			
Hufnerhaus; Scheune	Q11755880	Q1303167		
Hufnerhaus; u.a.	Q11755880			
Inneneinrichtung				
Innenhof	Q309250			
Innungshaus	Q47162123			
Institutsgebäude	Q47162123			
Institutsgebäude (Impfanstalt)	Q47162123			
Institutsgebäude/ Bibliothek	Q47162123			
Jugendheim (Haus der Jugend)	Q47162123			
Kaianlagen	Q828909			
Kaianlagen (in Teilen)	Q828909			
Kaianlagen <Kräne; u.a.>	Q828909	Q178692		
Kaimauern/Wassertreppen	Q828909			
Kaischuppen	Q47162123			
Kanal	Q12284			
Kanal/Fleet	Q12284			
Kanal; Schleuse	Q12284			
Kanal; Uferbefestigung/ Treppen	Q12284			
Kanal; Ufereinfassungen	Q12284			
Kanal; Ufereinfassungsn	Q12284			
Kanal; Ufermauern	Q12284			
Kanal; Wasserfläche	Q12284			
Kanalabschnitt	Q12284			
Kandelaber				
Kapelle	Q108325			
Kapelle (Begräbniskapelle)	Q108325			
Kapelle; Mausoleum	Q108325			
Kapelle; Turm	Q108325	Q72926449		
Kasematte	Q47162123			
Kasematte/Gewerbebau	Q47162123			
Kasematten mit Vorplatz	Q47162123			
Kaserne	Q131263			
Kaserne (Luftwaffe) <Mannschaftsunterkünfte; Zwischentrakte; Stabsgebäude/ Wirtschaftsgebäude; Kraftfahrzeughallen/ Geschützhallen; Heizwerk; Wachgebäude;  Einfriedungen; Findling (vor dem Tor); Straßen- und Wegenetz; begrünte Freiflächen; u.a.>	Q131263	Q1307347		
Kaserne {Schulanlage (Bundeswehr)}	Q131263			
Kaserne <Mannschaftsunterkünfte; Offiziersheim; Offizierskasino; Stabsgebäude; Wirtschaftsgebäude; Kraftfahrzeughallen/ Geschützhallen (mit Flakturm); Technikhalle/ Heizwerk; Torhaus; Einfriedungen; u.a. >	Q131263	Q1307347		
Kasernenanlage	Q131263			
Kasernenanlage (Polizeikaserne)	Q131263			
Kasernenanlage (Polizeikaserne) <Kasernengebäude, Pulvermagazin>	Q131263			
Kasernenanlage (Polizeikaserne) <Turnhalle; Schmiede>	Q131263			
Kasernenanlage (Polizeikaserne) <Wagenschuppen; Stall>	Q131263			
Kasernengebäude	Q131263			
Kasernengebäude (Fahrzeugschuppen)	Q131263			
Kasernengebäude (Mannschaftsgebäude)	Q131263			
Kasernengebäude (Polizeikaserne)	Q131263			
Kasernengebäude (Reithalle/Exerzierhaus)	Q131263			
Kasernengebäude (Stabsgebäude)	Q131263			
Kasernengebäude (Stabsgebäude) {Polizeiwache (nach Umnutzung)}	Q131263			
Kasernengebäude (Turnhalle/Stall)	Q131263			
Kasernengebäude (Wirtschaftsgebäude)	Q131263			
Kasernengebäude, Kasernenstabsgebäude (Torgebäude mit Haupteingang) {Krankenhaus (nach Umnutzung 1945)}	Q131263			
Kate	Q11755880			
Kate (Gaststätte (seit 1890))	Q11755880			
Kate {Gasthaus}	Q11755880			
Kate/ Bauernhaus {Wohnhaus (nach Umbau)}	Q11755880			
Kate; Einfriedung	Q11755880	Q1307347		
Kate; Remise	Q11755880	Q517820		
Kate; Vorgarten	Q11755880	Q1107656		
Kaufhaus	Q216107			
Kaufhaus {Speicher (nach Translozierung)}	Q216107	Q1362225		
Kaufmannshaus (Wohnhaus mit Speicher, Typ althamburgisches Bürgerhaus)	Q41176	Q1362225		
Kaufmannshaus; Speicher (Anbau); Fabrikgebäude (Anbau)	Q41176	Q1362225		
Kavaliershaus/ Sommerwohnhaus	Q47162123			
Keller				
Kesselhaus	Q1739809			
Kesselhaus mit Schlot	Q1739809			
Kesselhaus/ Maschinenhaus	Q1739809			
Kindergarten	Q126807			
Kinderheim	Q53033847			
Kinderheim/ Kindergarten	Q53033847	Q126807		
Kinderheim/ Pflegeheim/ Wohnheim	Q53033847			
Kinderkrippe	Q126807			
Kindertagesstätte	Q126807			
Kino	Q41253			
Kinosaal	Q41253			
Kiosk	Q693369			
Kiosk/ Toilettenhäuschen	Q693369	Q813966		
Kiosk/Toilettenhaus	Q693369	Q813966		
Kiosk; Arkaden; Leuchten; Bäume; Bänke; u.a.	Q693369			
Kirche	Q16970			
Kirche; Gemeindezentrum	Q16970			
Kirchengebäude	Q16970			
Kirchengebäude (Kirchensaal mit Turm)	Q16970	Q72926449		
Kirchengebäude (Kirchensaal); Einfriedung	Q16970	Q1307347		
Kirchengebäude (mit Nebenräumen)	Q16970			
Kirchengebäude (mit Verbindungsbauten)	Q16970			
Kirchengebäude (Notkirche)	Q16970			
Kirchengebäude (Notkirche, Einbau in Kirchenruine)	Q16970			
Kirchengebäude (Ruine) {Mahnmal (nach Zerstörung und Umwidmung)}	Q16970			
Kirchengebäude (Turm)	Q16970	Q72926449		
Kirchengebäude mit Gemeindehaus	Q16970			
Kirchengebäude mit Gemeindehaus; Pastorat; Turm	Q16970	Q607241	Q72926449	
Kirchengebäude mit zwei Pastoraten	Q16970	Q607241		
Kirchengebäude/ Gemeindeschule (katholisch)	Q16970			
Kirchengebäude/ Gemeindezentrum	Q16970			
Kirchengebäude/ Kirchturm	Q16970	Q72926449		
Kirchengebäude; Gemeindehaus; Pastorat	Q16970	Q607241		
Kirchengebäude; Gemeindezentrum; Kinderheim	Q16970			
Kirchengebäude; Kirchenausstattung	Q16970			
Kirchengebäude; Kirchturm	Q16970	Q72926449		
Kirchengebäude; Kirchturm (freistehend)	Q16970	Q72926449		
Kirchengebäude; Kirchturm (Glockenturm)	Q16970	Q72926449		
Kirchengebäude; Nebengebäude (Anbauten); Kirchturm	Q16970	Q72926449		
Kirchengebäude; Pastorat	Q16970	Q607241		
Kirchengebäude; Pastorat (Anbau)	Q16970	Q607241		
Kirchengebäude; Pastorat; Gemeindehaus	Q16970	Q607241		
Kirchengebäude; Pfarrhaus	Q16970	Q607241		
Kirchengebäude; Turm	Q16970	Q72926449		
Kirchenkreishaus	Q47162123			
Kirchenschiff	Q16970			
Kirchturm	Q72926449			
Kirchturm; Einfriedung	Q72926449	Q1307347		
Kleintierstall	Q47162123			
Kleinviehstall	Q47162123			
Kleinwohnhaus	Q11755880			
Kleinwohnhaus (Doppelhaus)	Q11755880			
Kleinwohnhaus (Handwerkerhaus)	Q58403020	Q11755880		
Kleinwohnhaus (Kate); Bäume	Q11755880			
Kleinwohnhaus (mit Werkstatt)	Q11755880			
Kleinwohnhaus (ortstypisches Reihenwohnhaus mit drei Hausteilen)	Q11755880			
Kleinwohnhaus/Reihenhaus (Langer Jammer)	Q11755880			
Kleinwohnhaus; u.a.	Q11755880			
Klinikgebäude/Institutsgebäude	Q47162123			
Kloster	Q44613			
Knick				
Kolleg	Q47162123			
Konfirmandensaal	Q47162123			
Kongresszentrum	Q1378975			
Kontor- und Geschäftshaus	Q1783234			
Kontorhaus	Q1783234			
Kontorhaus (Fassade)	Q1783234			
Kontorhaus (mit Lager, Produktions- und Werkstätten)	Q1783234			
Kontorhaus (mit Speicherböden)	Q1783234	Q1362225		
Kontorhaus (mit Tankstelle)	Q1783234			
Kontorhaus {Bankgebäude (nach Umbau)}	Q1783234			
Kontorhaus; Fabrikanlage (nach Umnutzung 1927/29)	Q1783234			
Konzentrationslager	Q152081			
Konzentrationslager <Garagen>	Q152081			
Konzentrationslager <Häftlingsunterkünfte>	Q152081			
Konzentrationslager <Klinkerwerk>	Q152081			
Konzentrationslager <Wohngebäude>	Q152081			
Konzertgebäude	Q8719053			
Kornspeicher	Q1362225			
Kraftwerk	Q159719			
Kraftwerksanlage <Kesselhaus; Schornstein>	Q159719			
Kran	Q178692			
Krananlage	Q178692			
Krananlage <Halbportalkran; Kranbahn>	Q178692			
Krananlage <Kranbahn; Laufkatze>	Q178692			
Krane	Q178692			
Kräne	Q178692			
Krankenhaus	Q16917			
Krankenhaus (Kinderkrankenhaus)	Q16917			
Krankenhaus; Schule	Q16917			
Krankenhausanlage	Q16917			
Krankenhausanlage (Krankenhausgebäude; Einfriedungen; Treppen; Kandelaber; Außenanlagen (z.T.))	Q16917	Q1307347		
Krankenhausanlage <Gebäude; Pavillons; Krankenhausgelände (parkähnliche Anlage mit Wegenetz und Pflanzungen)>	Q16917	Q22698		
Krankenhausanlage <Krankenhausgebäude; Kapelle; Ärztehaus>	Q16917			
Krankenhausanlage <Krankenhausgebäude; Pförtnerhäuschen>; Jüdischer Friedhof	Q16917			
Krankenhausgebäude	Q16917			
Krankenhausgebäude (Behandlungs- und Bettenhaus)	Q16917			
Krankenhausgebäude (Krankenpavillon, Verwaltungsgebäude)	Q16917			
Krankenhausgebäude (Krankenpavillons)	Q16917			
Krankenhausgebäude (mit Operationssaal und Hörsaal)	Q16917			
Krankenhausgebäude (Schwesternheim)	Q16917			
Krankenhausgebäude (Verwaltungsgebäude)	Q16917			
Krankenhausgebäude (Wirtschaftsgebäude)	Q16917			
Krankenhausgebäude/ Betriebsgebäude/ Maschinenhaus (Kesselhaus)	Q16917			
Krankenhausgebäude/ Institutsgebäude	Q16917			
Krankenhausgebäude; Einfriedungen; Außenanlagen (z.T.)	Q16917	Q1307347		
Krankenhausgelände <Außengestaltung; Alleen; Wege; Einfriedungen (mit Trafohaus); Brunnenhaus; u.a.>	Q16917	Q1307347		
Krankenhauskomplex	Q16917			
Kranwärterhaus	Q47162123			
Krematorium	Q157570			
Kriegerdenkmal	Q575759			
Kriegerdenkmal (1870/71)	Q575759			
Kriegerdenkmal (Friedenseiche mit Findling)	Q575759			
Kriegerdenkmal (Kriegerdenkmal 1848 und 1870/ 71)	Q575759			
Kriegerdenkmal (Kriegerdenkmal 1848/ 49, u.a.) <Gedenkstein; Eiche>	Q575759			
Kriegerdenkmal (Kriegerdenkmal 1864/ 66)	Q575759			
Kriegerdenkmal (Kriegerdenkmal 1870/ 71 u.a.)	Q575759			
Kriegerdenkmal (Kriegerdenkmal 1870/ 71)	Q575759			
Kriegerdenkmal (Kriegerdenkmal 1870/ 71) (Findling unter Eiche)	Q575759			
Kriegerdenkmal (Kriegerdenkmal 1870/ 71); Baum	Q575759			
Kriegerdenkmal (Kriegerdenkmal 1870/ 71, u.a.)	Q575759			
Kriegerdenkmal (Kriegerdenkmal 1914/ 18 und 1939/ 45)	Q575759			
Kriegerdenkmal (Kriegerdenkmal 1914/ 18 und 1939/ 45) (Findling)	Q575759			
Kriegerdenkmal (Kriegerdenkmal 1914/ 18 und 1939/ 45) <Kreuze; Stelen; Tafel>	Q575759			
Kriegerdenkmal (Kriegerdenkmal 1914/ 18)	Q575759			
Kriegerdenkmal (Kriegerdenkmal 1914/ 18) (Denkmalanlage aus verklinkerter Stele mit Erinnerungstafeln und umfassenden Mäuerchen)	Q575759			
Kriegerdenkmal (Kriegerdenkmal 1914/ 18; hier Findling mit Tafel einschließlich Einfriedung und Hecke)	Q575759	Q1307347		
Kriegerdenkmal (Kriegerdenkmal 1914/ 18; Kriegerdenkmal 1939/ 45)	Q575759			
Kriegerdenkmal (Kriegerdenkmal 1914/18 und 1939/45)	Q575759			
Kriegerdenkmal (Kriegerdenkmal 1914/18)	Q575759			
Kriegerdenkmal (Kriegerdenkmal 1939/ 45)	Q575759			
Kriegerdenkmal (Kriegerdenkmal 1939/ 45) (drei Findlinge mit Bronzetafel)	Q575759			
Kriegerdenkmal (Kriegerdenkmal 1939/ 45) <Hain (Birkenhain); 	Q575759			
Kriegerdenkmal (Regimentsehrenmal)	Q575759			
Kriegerdenkmal <Kriegerdenkmal 1870/71; Kriegerdenkmal 1914/18; Kriegerdenkmal 1939/45>	Q575759			
Küchengebäude	Q47162123			
Kulturlandschaft				
Kunst im öffentlichen Raum				
Kunst im öffentlichen Raum (Lichtobjekt)				
Küsterhaus	Q47162123			
Küsterhaus/ Organistenwohnhaus	Q47162123			
Kutscherhaus	Q47162123			
Kutscherhaus/ Remise/ Stall; Wohnhaus (nach Umnutzung)	Q47162123	Q517820		
Laden	Q213441			
Läden/ Geschäftspavillons (Ladenzentrum)	Q213441	Q276173		
Ladengebäude	Q213441			
Ladenzeile	Q213441			
Lager- und Werkstattgebäude/ Wohnhaus	Q181623			
Lagergebäude	Q181623			
Lagergebäude  mit Wagenhalle (Hinterhaus)	Q181623			
Lagergebäude/ Werkstattgebäude (Möbelfabrikation, Hinterhaus)	Q181623			
Lagerhaus	Q181623			
Lagerhaus; Pflaster; Vorgarten; Werkstatt; Wohnen	Q181623	Q3328263	Q1107656	
Lagerhaus; Postgebäude	Q181623			
Landarbeiterhaus	Q47162123			
Landarbeiterhaus; Zaun	Q47162123			
Landhaus	Q16884952			
Landhaus (mit Garage)	Q16884952			
Landhaus {Rathaus (nach Umnutzung)}	Q16884952			
Landhaus/ Jagdhaus	Q16884952			
Landhaus/ Wohnwirtschaftsgebäude	Q16884952			
Landhaus; Einfriedung	Q16884952	Q1307347		
Landhaus; Einfriedung; Tor	Q16884952	Q1307347		
Landhaus; Einfriedungen; Auffahrt	Q16884952	Q1307347		
Landhaus; Garten	Q16884952	Q1107656		
Landhaus; Garten (vermutl.)	Q16884952	Q1107656		
Landhaus; Garten; Einfriedung	Q16884952	Q1307347	Q1107656	
Landhaus; Gartenpavillon	Q16884952	Q276173		
Landhaus; Mauer; Sieberling; Einfriedung	Q16884952	Q1307347		
Landhaus; Stützmauer	Q16884952			
Landhaus; Stützmauer (erhaltene Teile)	Q16884952			
Landhaus; Tor; Garten	Q16884952	Q1107656		
Landhaus; Torhaus; Allee; Hoffläche; Einfriedung/ Tor (zur Straße)	Q16884952	Q1307347		
Landhaus; u.a.	Q16884952			
Landhaus; Zaun	Q16884952			
Landhausgarten	Q1107656			
Landheim	Q47162123			
Laube	Q47162123			
Lehr- und Tagungsgebäude	Q47162123			
Lehrgebäude	Q3914			
Lehrgebäude (Institutsgebäude/ Hörsaalgebäude)	Q3914			
Lehrgebäude/ Hörsaalgebäude	Q3914			
Lehrgebäude/ Institutsgebäude (Fachschule)	Q3914			
Lehrgebäude/ Institutsgebäude (Maschinenhaus/ Maschinenbaulaboratorium)	Q3914			
Lehrgebäude/ Institutsgebäude (Schiffsbaulaboratorium)	Q3914			
Leihhaus	Q47162123			
Leuchtturm	Q39715			
Litfaßsäule	Q13964			
Logenhaus	Q47162123			
Lokschuppen	Q47162123			
Lokschuppen/Werkstatt	Q47162123			
Löschteich (vermutl.)				
Lotsenhaus	Q47162123			
Lotsenhaus/ Feuerwache	Q47162123			
Luftschutzbau	Q47162123			
Luftschutzbau (Betonformsteinunterstand)	Q47162123			
Luftschutzbau (Ringtreppenturm)	Q47162123			
Mälzerei	Q47162123			
Markthalle	Q2080521			
Markthalle (Gebäudeteil)	Q2080521			
Markthalle (Großmarkthalle); u.a.	Q2080521			
Markthalle (Zentralviehmarkt)	Q2080521			
Markthalle; Marktfläche	Q2080521			
Maschinenhaus	Q47162123			
Maschinenhaus/ Kesselhaus (Wasserwerk (Pumpwerk))	Q47162123			
Mauer	Q42948			
Mauern (Stützmauern)	Q42948			
Mausoleum	Q162875			
Mausoleum; Einfriedung	Q162875	Q1307347		
Mehrfamilienhaus	Q1498804			
Mehrfamilienhaus (Doppelhaus)	Q6453233			
Mehrfamilienhaus (Doppelhaushälfte)	Q1498804			
Mehrfamilienhaus (Eisenbahnerwohnungen)	Q1498804			
Mehrfamilienhaus (Hinterhaus)	Q1498804			
Mehrfamilienhaus (Hinterhaus); Einfriedigung (Zaun zum Garten); Hoffläche	Q1498804			
Mehrfamilienhaus (Mietshaus)	Q1498804			
Mehrfamilienhaus (mit Gaststätte und Laden)	Q1498804	Q62602544	Q213441	
Mehrfamilienhaus (mit Laden)	Q1498804			
Mehrfamilienhaus (mit Läden) (Hochhaus)	Q1498804			
Mehrfamilienhaus (mit Laden); Einfriedung	Q1498804	Q1307347		
Mehrfamilienhaus (mit Laden); Einfriedung (Nr. 42)	Q1498804	Q1307347		
Mehrfamilienhaus (mit Laden); Einfriedung (Nr. 48)	Q1498804	Q1307347		
Mehrfamilienhaus (mit Laden); Einfriedung (Nr. 77)	Q1498804	Q1307347		
Mehrfamilienhaus (mit Laden, Handwerksbetrieb (Fleischerei))	Q1498804	Q58403020		
Mehrfamilienhaus (mit Laden, vermutl.)	Q1498804			
Mehrfamilienhaus (mit Laden, Vorderhaus)	Q1498804			
Mehrfamilienhaus (mit Werkstatt und Laden)	Q1498804			
Mehrfamilienhaus (mit Werkstatt)	Q1498804			
Mehrfamilienhaus (mit Werkstatt, zugl. Hinterhaus)	Q1498804			
Mehrfamilienhaus (Reihenhaus)	Q1498804			
Mehrfamilienhaus (Reihenhauszeile, Wohnpassage)	Q1498804			
Mehrfamilienhaus (Siedlungsbau der 1920er/ 1930er Jahre)	Q1498804			
Mehrfamilienhaus (Siedlungsbau der 1930er Jahre)	Q1498804			
Mehrfamilienhaus (Siedlungsbau der 1930er Jahre); Garage	Q1498804			
Mehrfamilienhaus (Siedlungsbau)	Q1498804			
Mehrfamilienhaus (Siedlungsbau); Zubehör (in Umgebung des Gebäudes, darunter Grünflächen, Einfriedungen, Wege)	Q1498804	Q1307347		
Mehrfamilienhaus (Typ Sahlhaus)	Q1498804			
Mehrfamilienhaus (Vorderhaus)	Q1498804			
Mehrfamilienhaus (vororttypischer gehobener Zuschnitt)	Q1498804			
Mehrfamilienhaus (Wohnpassage)	Q1498804			
Mehrfamilienhaus (Wohnterrasse)	Q1498804	Q2588111		
Mehrfamilienhaus mit Vereinsräumen	Q1498804	Q1103285		
Mehrfamilienhaus/ Beamtenwohnhaus (Doppelhaus)	Q1498804			
Mehrfamilienhaus/ Gaststätte	Q1498804	Q62602544		
Mehrfamilienhaus/ Kino	Q1498804			
Mehrfamilienhaus/Beamtenwohnhaus	Q1498804			
Mehrfamilienhaus/Geschäftshaus (Hochhaus)	Q1498804			
Mehrfamilienhaus; Betriebsgebäude	Q1498804			
Mehrfamilienhaus; Einfriedung	Q1498804	Q1307347		
Mehrfamilienhaus; Einfriedung (in Teilen)	Q1498804	Q1307347		
Mehrfamilienhaus; Einfriedung (Mauer)	Q1498804	Q1307347		
Mehrfamilienhaus; Einfriedung; Tor	Q1498804	Q1307347		
Mehrfamilienhaus; Einfriedung; u.a.	Q1498804	Q1307347		
Mehrfamilienhaus; Einfriedungen; u.a.	Q1498804	Q1307347		
Mehrfamilienhaus; Garagen; Außenanlage (rückwärtig)	Q1498804			
Mehrfamilienhaus; Gartenpavillon; historische Teile der Einfriedung (insbesondere Mauer an Straßenecke); u.a.	Q1498804	Q1307347	Q276173	
Mehrfamilienhaus; Speicher	Q1498804	Q1362225		
Mehrfamilienhaus; Stallgebäude	Q1498804			
Mehrfamilienhaus; u.a.	Q1498804			
Mehrfamilienhaus; Vorgarten; Einfriedung	Q1498804	Q1307347	Q1107656	
Mehrfamilienhaus; Werkstatt	Q1498804			
Mehrfamilienhaus; Werkstattgebäude	Q1498804			
Mehrfamilienhäuser (Eisenbahnerwohnungen); Vorgarten	Q1498804	Q1107656		
Mehrfamlienhaus	Q1498804			
Mehrzweckgebäude (Bürgerhaus)	Q47162123			
Meilenstein	Q10145			
Meilenstein (Halbmeilenstein)	Q10145			
Meilenstein (Kilometerstein)	Q10145			
Mensa	Q47162123			
Mietfabrik	Q1498804			
Mietfabrik (Hinterhaus)	Q1498804			
Mietfabrik (Hofbebauung)	Q1498804			
Mietswohnhaus	Q1498804			
Mietwohnhaus	Q1498804			
Mietwohnhaus (Vorderhaus)	Q1498804			
Mietwohnhaus; Einfriedung; Schuppen (rückwärtig)	Q1498804	Q1307347		
Militärversorgungseinrichtung (Bekleidungsamt) <Werkgebäude; Dienstgebäude/Wohngebäude; Einfriedung; Freiflächen>	Q47162123	Q1307347		
Militärversorgungseinrichtung (Proviantamt) <Dienstgebäude; Scheune; Lagerschuppen; Bäckerei; Latrine; Einfriedung; Pflaster; Baumbestand>	Q47162123	Q1307347	Q3328263	Q1303167
Moschee	Q47162123			
Motel	Q47162123			
Mühle (Holländerwindmühle, Dampfmühle)	Q56822897			
Mühlenanlage (Großmühlenbetrieb)	Q56822897			
Mühlenanlage (Industrie-Getreidemühle)	Q56822897			
Mühlenensemble	Q56822897			
Mühlengebäude	Q56822897			
Mühlengebäude (Feldentwässerungsmühle)	Q56822897			
Mühlengebäude (Industrie-Getreidemühle)	Q56822897			
Mühlenteich				
Müllerwohnhaus	Q47162123			
Munitionsbunker	Q98094452			
Museum	Q33506			
Museumsgebäude	Q33506			
Museumsgebäude/ Schulgebäude	Q33506			
Musikschule (ehem.)	Q47162123			
Mütter- und Säuglingsheim	Q47162123			
Mütterheim	Q47162123			
Nebengebäude	Q47162123			
Nebengebäude (Kindertagesstätte)	Q47162123			
Oberleitungsmasten (Straßenbahn)				
Operngebäude	Q47162123			
Orgel				
Ortskern	Q47162123			
Park	Q22698			
Park (Grünanlagen des Krankenhauses); Einfriedung	Q22698	Q1307347		
Park (mit gesamter baulicher Ausstattung)	Q22698			
Park (Volkspark)	Q22698			
Park (Wirtshauspark)	Q22698			
Park; Parkausstattung <Pavillon; Teich; u.a.>	Q22698	Q276173		
Park; Plastik	Q22698			
Park; Teich; Einfriedung	Q22698	Q1307347		
Park; Tor (Parktor)	Q22698			
Park; Uferbefestigung; Wasserfläche	Q22698			
Parkanlage	Q22698			
Parkausstattung (Wasserkaskaden)	Q22698			
Parkhaus	Q13218805			
Parkhaus/ Bürohaus	Q13218805			
Passagierempfangs- und -abfertigungsgebäude/ Verwaltungsgebäude	Q47162123			
Pastorat	Q607241			
Pastorat (Doppelhaus)	Q607241			
Pastorat/ Gemeindehaus	Q607241			
Pastorat/ Gemeindehaus (mit Gemeinde- und Konfirmandensaal)	Q607241			
Pastorat/ Konfirmandensaal	Q607241			
Pastorat/Gemeindehaus	Q607241			
Pastorat/Küsterei	Q607241			
Pastorat/Wohnhaus	Q607241			
Pastorat; Einfriedung	Q607241	Q1307347		
Pastorat; u.a.	Q607241			
Pastorate	Q607241			
Pavillon	Q276173			
Pavillon (Borkenhäuschen)	Q276173			
Pavillon (Gartenhäuschen)	Q276173			
Pavillon (Gartenpavillon)	Q276173			
Pavillon (Taubenhaus)	Q276173			
Pavillon/ Teehaus	Q276173			
Pavillon/Café	Q276173			
Pavillon; Mauer (Altenheim/Pflegeheim)	Q276173			
Pegelhaus	Q505774			
Pegelmesser	Q505774			
Pfarrhaus	Q607241			
Pferdestall	Q214252			
Pferdestall {Feuerwache (seit 1922)}	Q214252			
Pferdeställe	Q214252			
Pflaster	Q3328263			
Pflaster; Straßenbeleuchtung; Wohnen	Q3328263			
Pflasterung, Schienen	Q3328263			
Pflegeheim	Q837142			
Pflegeheim <Unterkunftsgebäude; Verwaltungsgebäude; Badehaus/ Waschhaus/ Wasserturm; Maschinenhaus/  Kesselhaus (mit Schornstein); Pumpenhaus; Remise; Außenanlagen (Allee/ Freiflächen/ Gartenflächen); Einfriedung; Denkmal; u.a.>	Q837142	Q517820	Q1307347	
Pförtnerhaus	Q18759150			
Pförtnerhaus/ Gärtnerhaus	Q18759150			
Pförtnerhaus/Wohnhaus	Q18759150			
Pförtnerhaus; Einfriedung; Hofpflaster	Q18759150	Q1307347	Q3328263	
Pförtnerhaus; Remise	Q18759150	Q517820		
Pförtnerhäuschen	Q18759150			
Plastik	Q1078913			
Plastik (Andachtsgruppe, Kreuzwegstation)	Q1078913			
Plastik (Apothekerzeichen)	Q1078913			
Plastik (Betonguss-Plastik)	Q1078913			
Platz	Q174782			
Platzanlage	Q174782			
Platzanlage (Stadtplatz)	Q174782			
Platzanlage <Pflasterung; Treppen; u.a.>	Q174782	Q3328263		
Platzanlage; Denkmal (Kriegerdenkmal 1870/71)	Q174782	Q575759		
Polizeiwache	Q861951			
Polizeiwache (Normalpolizeiwache)	Q861951			
Portal				
Portalkräne	Q178692			
Postgebäude	Q35054			
Probstei/ Kirchenkreishaus	Q47162123			
Promenade; Grünanlage				
Pumpenhalle	Q47162123			
Pumpstation	Q47162123			
Rappolthaus mit Figurengruppe	Q47162123			
Rathaus	Q543654			
Rathaus (nach Erweiterung und Umbau des 1844 errichteten und 1866 umgebauten Vorgängerbaus (Bahnhof Altona))	Q543654			
Rathaus (vor Umbau Villa)	Q543654			
Rauhfutterscheune	Q1303167			
Rechenzentrum	Q47162123			
Regierung/ Verwaltung/ Sicherheit	Q47162123			
Reihenhaus	Q875016			
Reihenhaus (Bude)	Q875016			
Reihenhaus (Dreifachhaus)	Q875016			
Reihenhaus (Reihenmietshaus, Wohnterrasse)	Q875016	Q2588111		
Reihenhaus (Reihenmietshaus, Wohnterrasse); Etagenhaus (nach gestaltprägendem Umbau 1889/90)	Q875016			
Reihenhaus; Einfriedung	Q875016	Q1307347		
Reihenvilla	Q3950			
Reihenvilla (Doppelhaushälfte)	Q3950			
Reihenvilla (Endhaus)	Q3950			
Reihenvilla; Einfriedung	Q3950	Q1307347		
Reihenvilla; Remise; Stall	Q3950	Q517820		
Reihenvilla; u.a.	Q3950			
Reithalle	Q47162123			
Remise	Q517820			
Remise (mit Lagerraum)	Q517820			
Remise (mit Wohnung, vermutl.)	Q517820			
Remise/ Scheune (mit Wohnteil nach Osten)	Q517820	Q1303167		
Remise; Pförtnerhaus	Q517820			
Remise; Villa	Q517820			
Remise; Wohnen	Q517820			
Remisen {Bürogebäude (nach Aufstockung)}	Q517820			
Rinderschlachthalle	Q47162123			
Ringlokschuppen	Q47162123			
Ringlokschuppengebäude	Q47162123			
Röhrenbunker	Q91122			
Rollkräne	Q178692			
Rückhaltebecken (Wasserwerk (Pumpwerk))				
Rundbunker	Q91122			
Rundpavillon	Q276173			
Sahlhaus	Q2588111			
Sanitärbaracke	Q6502413			
Säuglings- und Mädchenheim; Polizeistation	Q47162123			
Schalthäuschen	Q47162123			
Scheune	Q1303167			
Scheune (Fachwerk) {Wohnhaus (nach Umnutzung)}	Q1303167			
Scheune; Wohnwirtschaftsgebäude	Q1303167			
Schiffsladebrücke				
Schiffsladebrücke; Kran	Q178692			
Schlachthof	Q47162123			
Schlachthof <Schweinestall; Schlachthalle>	Q47162123			
Schlachthofgebäude (Quarantänestall)	Q47162123			
Schleuse	Q105731			
Schleuse; Brücke	Q105731			
Schleuse; Sperrwerk	Q105731			
Schleusenanlage; Kanalabschnitt	Q105731			
Schleusenwärterhaus	Q47162123			
Schloss	Q47162123			
Schmiede	Q47162123			
Schonstein				
Schöpfpumpwerksgebäude	Q47162123			
Schöpfwerk	Q47162123			
Schul- und Lehrgebäude	Q1244442			
Schulanlage	Q1244442			
Schulanlage (Doppelvolksschule)	Q1244442			
Schulanlage (Gymnasium) <Schulgebäude>	Q1244442			
Schulanlage (Hilfsschule)	Q1244442			
Schulanlage (Realschule)	Q1244442			
Schulanlage (Realschule/ Lyzeum)	Q1244442			
Schulanlage (Volksschule)	Q1244442			
Schulanlage (Volksschule) <Schulgebäude; Einfriedung>	Q1244442	Q1307347		
Schulanlage <Schulgebäude (Klassentrakte, Fachräume, Verwaltung, usw.); Turnhalle; Aula; Laubengänge; Skulpturen; Mauern im Hofbereich; weitere erhaltene Reste der historischen Außenraumgestaltung>	Q1244442	Q860861		
Schulanlage <Schulgebäude; Außenanlagen (u.a. Einfriedung)>	Q1244442	Q1307347		
Schulanlage <Schulgebäude; Einfriedung; Hoffläche>	Q1244442	Q1307347		
Schulanlage <Schulgebäude; Einfriedung>	Q1244442	Q1307347		
Schulanlage <Schulgebäude; Einfriedungen>	Q1244442	Q1307347		
Schulanlage <Schulgebäude; Sportplatz>	Q1244442			
Schulanlage <Schulgebäude; Turnhalle>	Q1244442			
Schulanlage <Turnhalle; Verwaltungsgebäude; Schulgebäude>	Q1244442			
Schulanlage; Krankenbaracken {Schulpavillon (nach Umnutzung)}	Q1244442	Q6502413	Q276173	
Schule	Q1244442			
Schule (Dorfschule)	Q1244442			
Schule (Handelsschule); Einfriedung	Q1244442	Q1307347		
Schule (Oberrealschule)	Q1244442			
Schule (Real- bzw. Oberrealschule)	Q1244442			
Schule (Realschule)	Q1244442			
Schule (Volksschule)	Q513984	Q1244442		
Schule (Volksschule); Einfriedung	Q1244442	Q1307347		
Schule <Schulgebäude/ Wohnhaus; u.a.>	Q1244442			
Schule <Schulgebäude; Laubengang; u.a.>	Q1244442			
Schule <Schulgebäude; Turnhalle; Jugendheim>	Q1244442			
Schule; Wohnen	Q1244442			
Schulgebäude	Q1244442			
Schulgebäude (Anbau 1900)	Q1244442			
Schulgebäude (Doppelschule)	Q1244442			
Schulgebäude (Doppelvolksschule für Jungen und Mädchen)	Q1244442			
Schulgebäude (Dorfschule) {Gaststätte (nach Umnutzung)}	Q1244442	Q62602544		
Schulgebäude (Dorfschule) {Geschäftshaus (nach Umnutzung)}	Q1244442			
Schulgebäude (Dorfschule) {Wohnhaus (nach Umbau)}	Q1244442			
Schulgebäude (Dorfschule) {Wohnhaus (Umnutzung nach 1945)}	Q1244442			
Schulgebäude (Gemeindeschule)	Q1244442			
Schulgebäude (Gewerbeschulgebäude)	Q1244442			
Schulgebäude (Hauptschule) {Wohngebäude (nach Umnutzung)}	Q1244442			
Schulgebäude (Kirchenschule)	Q1244442			
Schulgebäude (Kirchenschule) {Gemeindehaus (nach Umnutzung)}	Q1244442			
Schulgebäude (Kirchenschule)/ Küsterwohnhaus	Q1244442			
Schulgebäude (Klassen- und Verwaltungstrakte; Schulpavillons; Aula; Turnhalle); Laubengänge; Außengestaltung	Q1244442			
Schulgebäude (Knaben-Mittelschule)	Q1244442			
Schulgebäude (Lyzeum)	Q1244442			
Schulgebäude (Mädchenmittelschule)	Q1244442			
Schulgebäude (Mädchenschule)	Q1244442			
Schulgebäude (Mädchenvolksschule)	Q1244442			
Schulgebäude (mit Hausmeisterwohnung)	Q1244442			
Schulgebäude (mit Schulleiter- und Hausmeisterwohnung)	Q1244442			
Schulgebäude (Realschule)	Q1244442			
Schulgebäude (vermutl.); Einfriedung	Q1244442	Q1307347		
Schulgebäude (Volksschule)	Q1244442			
Schulgebäude (Zwischentrakt/Mehrzweckhalle/Pavillons); Stützmauer	Q1244442	Q276173		
Schulgebäude {Bibliothek (nach Umnutzung)}	Q1244442			
Schulgebäude {Wohngebäude (nach Umnutzung)}	Q1244442			
Schulgebäude {Wohnhaus (nach Umnutzung)}	Q1244442			
Schulgebäude mit Portal	Q1244442			
Schulgebäude/ Hochschulgebäude	Q1244442			
Schulgebäude/ Jugendheim/ Theater	Q1244442			
Schulgebäude/Lehrgebäude; Platzanlage <Einfriedung>; Freitreppe	Q1244442	Q1307347		
Schulgebäude/Veranstaltungsgebäude	Q1244442			
Schulgebäude; Bäume	Q1244442			
Schulgebäude; Einfriedung	Q1244442	Q1307347		
Schulgebäude; Toilettenhaus; Bäume	Q1244442	Q813966		
Schulgebäude; Toilettenhäuschen	Q1244442	Q813966		
Schulgebäude; Turnhalle (Anbau)	Q1244442			
Schulgebäude; Turnhalle; Einfriedungen; gärtnerisch gestalteter Vorplatz (östlich des	Q1244442	Q1307347		
Schulgebäude; Wohngebäude (Lehrerwohnhaus)	Q1244442			
Schulkindergarten	Q47162123			
Schulkomplex	Q1244442			
Schulungsgebäude (mit Wohnteil, DRK-Kolonnenhaus)	Q47162123			
Schuppen	Q721931			
Schuppen (Hinterhaus)	Q721931			
Schuppen/ Garagen	Q721931			
Schuppen; Rollkräne; Bahnanlage	Q721931	Q178692		
Schwesternhaus	Q47162123			
Schwimm- und Sprungbecken				
Schwimmbad	Q200023			
Schwimmhalle	Q200023			
Seemannsheim	Q47162123			
Seezeichen				
Siedlungbau	Q11755880			
Siedlungsbau	Q11755880			
Siedlungsbau (mit Laden)	Q11755880			
Siedlungsbau (Typ Hamburger Burg)	Q11755880			
Siedlungsbau (Typ Laubenganghaus)	Q11755880			
Siedlungsbau (Wohnanlage gehobenen Standards); Vorgarten; Einfriedung	Q11755880	Q1307347		
Siedlungsbau <Wohngebäude; Durchfahrt/ Treppenanlagen; Außenanlagen; Bäume; Einfriedung>	Q11755880	Q1307347		
Siedlungsbau mit Vorgärten	Q11755880			
Siedlungsbau/ Etagenhaus	Q11755880			
Siedlungsbau/ Gemeinschaftshaus	Q11755880			
Siedlungsbau/ Geschäftshaus	Q11755880			
Siedlungsbau/ Postgebäude	Q11755880			
Siedlungsbau/Wohnstift	Q11755880			
Siedlungsbau; Grünanlage	Q11755880			
Siedlungsbau; Wohnstift	Q11755880			
Siel/Einstiegsbauwerk				
Silo	Q213643			
Silo; Fabrikationsgebäude; Kaianlagen	Q213643			
Skulptur	Q860861			
Skulptur (in Verbindung mit Treppenanlage)	Q860861			
Skulptur (Tierskulpturen)	Q860861			
Skulpturen	Q860861			
Slipanlage (Querslipanlage)				
Sommerhaus {Landhaus (nach Erweiterung)}	Q47162123			
Speicher	Q1362225			
Speicher (Hinterhaus)	Q1362225			
Speicher (Hofbebauung)	Q1362225			
Speicher (Mehl- und Getreidespeicher)	Q1362225			
Speicher (mit Geschäft (Postamt))	Q1362225			
Speicher {Wohnhaus (nach Umbau)}	Q1362225			
Speicher/ Betriebsgebäude (Bäckerei, Hofbebauung)	Q1362225			
Speicher/ Fabrikgebäude	Q1362225			
Speicher; Portal	Q1362225			
Speicher; Silos; u.a.	Q1362225			
Speicher; Wohn- und Geschäftsgebäude	Q1362225			
Speichergebäude	Q1362225			
Spielplatz	Q11875349			
Sporthalle	Q14092			
Sportplatz	Q1202618			
Sportplatz (Polizeikaserne)	Q1202618			
Sportstadiongebäude	Q47162123			
Stabsgebäude	Q47162123			
Stadion	Q1202618			
Stadthaus	Q47162123			
Stadthaus (Doppelhaus)	Q47162123			
Stadthaus (Doppelhaushälfte)	Q47162123			
Stadthaus (Palais)	Q47162123			
Stadthaus (Reihenhaus, Doppelhaushälfte)	Q47162123			
Stadtplatz	Q174782			
Stadtplatz/ Parkanlage	Q174782	Q22698		
Stadtvilla	Q47162123			
Staffagebau/ Gaststätte (Typ Niedersächsisches Bauernhaus)	Q47162123	Q62602544		
Stall	Q1207909			
Stall (mit Speicherboden)	Q1207909	Q1362225		
Stall (vermutl.) {Wohnhaus (nach Umnutzung)}	Q1207909			
Stall {Wohnwirtschaftsgebäude (nach Anbau des Wohnteils mit Pferdestall 1910)}	Q1207909			
Stall- und Garagengebäude/Wohnhaus (Gärtnerwohnung)	Q1207909			
Stall/ Backhaus	Q1207909			
Stall/ Garage/ Remise {Institutsgebäude (nach Umnutzung)}	Q1207909	Q517820		
Stall/Scheune {Wohnhaus (nach Umnutzung)}	Q1207909	Q1303167		
Stall; Garage	Q1207909			
Stall; Wohnen	Q1207909			
Stallgebäude	Q1207909			
Stallgebäude (Garage) {Wohn- und Bürogebäude (nach Umnutzung)}	Q1207909			
Stallgebäude (Hofbebauung)	Q1207909			
Stallgebäude (Hunde- und Kälberstall)	Q1207909			
Stallgebäude (Kälber- und Hammelstall)	Q1207909			
Stallgebäude (mit Wohnteil) {Wohnhaus (nach Umbau)}	Q1207909			
Stallgebäude (Pferdestall)	Q1207909			
Stallgebäude (vermutl.)	Q1207909			
Stallgebäude (Viehstall)	Q1207909			
Stallgebäude {Wohnhaus (nach Umbau)}	Q1207909			
Stallgebäude/ Remise	Q1207909	Q517820		
Stallgebäude/ Werkstattgebäude (Hinterhaus)	Q1207909			
Steinbänke				
Steinbrüstung				
Steinwerk (urspr.) {Wohngebäude (nach Umbau ab 1527, herzöglicher Wohnsitz)} {Amtshaus (nach Umbau um 1820)} {Mehrfamilienhaus, Mietwohnhaus (nach Umbau)}				
Sternwarte	Q41176			
Stift	Q11755880			
Stift (Stiftsgebäude)	Q11755880			
Stift (Wohnstift)	Q11755880			
Stiftsgebäude	Q11755880			
Stiftsgebäude (Wohnstift)	Q11755880			
Stiftsgebäude/Wohnhaus	Q11755880			
Straße	Q34442			
Straßen- und Eisenbahn-Hubbrücke	Q537127			
Straßen- und Eisenbahn-Rampe	Q34442			
Straßenabschnitt (Chaussee) <Pflaster; u.a.>	Q34442	Q3328263		
Straßenabschnitt/ Promenade (Allee)	Q34442			
Straßenabschnitt/ Promenade (Allee); Platzanlage	Q34442			
Straßenabschnitt/Pflaster	Q34442	Q3328263		
Straßenbrücke	Q537127			
Straßenbrücke (Autobahn)	Q537127			
Straßenbrücke (Drehbrücke)	Q537127			
Straßenbrücke (Klappbrücke)	Q537127			
Straßenbrücke (Portalbrücke)	Q537127			
Straßenbrücke/ Bahnbrücke	Q537127			
Straßenbrücke; Eisenbahnbrücke	Q537127			
Straßenbrücke; Ufermauern	Q537127			
Straßenbrücken	Q537127			
Straßenfläche (Pflaster)	Q3328263			
Straßenpflaster	Q3328263			
Straßenprofil	Q34442			
Straßenschild				
Studentenwohnheim	Q41176			
Stützmauer	Q1076291			
Stützmauer/ Treppenanlage (mit Treppengeländer)	Q1076291			
Stützmauern (mit Geländer und Laternen)	Q1076291			
Stüzmauer; Grünanlage	Q1076291			
Synagoge	Q34627			
Synagoge (Ruine); Wohnhaus (Vorderhaus)	Q34627			
Synagoge; Wohnen	Q34627			
Tagungsgebäude	Q41176			
Tankstelle	Q205495			
Tankstelle/ Werkstatt	Q205495			
Taubenhaus	Q41176			
Teich				
Terrassen				
Terrassen; Treppenanlagen				
Theater	Q24354			
Tiefbunker	Q91122			
Tiefbunker/Rundbunker (Erprobungsbau)	Q91122			
Tierhaus	Q41176			
Tierklinik/ Stallgebäude	Q41176			
Tierpark	Q43501			
Toilettengebäude	Q813966			
Toilettengebäude/ Kiosk	Q813966			
Toilettenhaus	Q813966			
Toilettenhäuschen	Q813966			
Toilettenhäuschen/ Pavillon	Q813966	Q276173		
Torgebäude	Q41176			
Torhaus	Q41176			
Torhaus/ Wohngebäude (Altenheim/Pflegeheim)	Q41176			
Torpfosten				
Trafohaus/ Pavillon (Verkaufsraum)/ Toilettenanlage	Q41176	Q813966	Q276173	
Transformatorenhaus	Q41176			
Transformatorenhäuschen	Q41176			
Trauerhalle	Q41176			
Treibhaus	Q41176			
Treppen und Grünbereich				
Treppenanlage				
Treppenanlage; Denkmal; Gitter				
Treppenanlage; Pflaster; Stützmauer		Q3328263		
Treppenbrücke				
Tribüne				
Trinkhalle	Q41176			
Trockendock				
Trockendock; Werftkräne		Q178692		
Tunnel	Q44377			
Tunnel (Bahnanlage)	Q44377			
Tunnel (Bahntunnel)	Q44377			
Tunnel (Leitungstunnel)	Q44377			
Tunnel <Tunnelröhren; Schachtgebäude; u.a.>	Q44377			
Tunnel/ Lüfterbauwerk	Q44377			
Tunneleingang (U-Bahn)	Q44377			
Tunneleingänge (U-Bahn)	Q44377			
Turm				
Turmbunker (Zombeck)	Q219109			
Turmkran	Q178692			
Turnhalle	Q14092			
Turnhalle (Schulturnhalle)	Q14092			
Turnhalle/ Aula	Q14092			
Tweehus	Q6453233			
Tweehus (Haushälfte)	Q6453233			
Tweehus; u.a.	Q6453233			
U-Bahnbrücke				
Uferbefestigung				
Ufergestaltung/ Uferbefestigung; u.a.				
Ufermauern				
Vasen				
Veranstaltungsgebäude/ Gaststätte (mit verschiedenen Sälen, Musikklub); Hotel	Q41176	Q62602544		
Veranstaltungsgebäude/Etablissement	Q41176			
Veranstaltungshalle	Q41176			
Vereinshaus	Q1103285			
Vereinshaus (mit Versammlungs-, Sozialarbeits- und Wohnräumen)	Q1103285			
Vereinshaus/ Gaststätte (Kaffeeklappe)	Q1103285	Q62602544		
Verkaufspavillon	Q276173			
Verkaufspavillon/Kiosk	Q276173			
Verkehrsflächen (Straßenfläche; Platzanlage)				
Verladestation	Q41176			
Verlagsgebäude	Q41176			
Versorgungseinrichtung (Armenküche)	Q41176			
Verwaltungsgebäude	Q2519340			
Verwaltungsgebäude (Finanzamt)	Q2519340			
Verwaltungsgebäude (Gewerbebetrieb)	Q2519340			
Verwaltungsgebäude (Hochhaus)	Q2519340			
Verwaltungsgebäude (mit Gaststätte und Saal)	Q2519340	Q62602544		
Verwaltungsgebäude (Standortkommandantur)	Q2519340			
Verwaltungsgebäude (Versicherung); Mehrfamilienwohnhaus	Q2519340			
Verwaltungsgebäude (Zoll)	Q2519340			
Verwaltungsgebäude {Polizeiwache (nach Umnutzung)}	Q2519340			
Verwaltungsgebäude {Wohngebäude (nach Umnutzung)}	Q2519340			
Verwaltungsgebäude/ Altenheim/ Wohn- und Dienstgebäude (kirchlich)	Q2519340			
Verwaltungsgebäude/ Bahnhofsgebäude	Q2519340			
Verwaltungsgebäude/ Betriebsgebäude (Post-/ Zollabfertigung)	Q2519340			
Verwaltungsgebäude/ Dienstgebäude	Q2519340			
Verwaltungsgebäude/ Dienstgebäude/ Zollgebäude	Q2519340			
Verwaltungsgebäude/ Eingangsgebäude	Q2519340			
Verwaltungsgebäude/ Mehrfamilienhaus	Q2519340			
Verwaltungsgebäude/ Mehrfamilienhaus; Skulpturen (zwei Skulpturen, ehem. Schmuck der Außentreppe)	Q2519340	Q860861		
Verwaltungsgebäude/ Mehrzweckgebäude	Q2519340			
Verwaltungsgebäude/ Pumpenhaus	Q2519340			
Verwaltungsgebäude/ Wohnhaus	Q2519340			
Verwaltungsgebäude; Wohngebäude	Q2519340			
Viadukt (mit Kasematten)	Q12280			
Villa	Q3950			
Villa (einschl. des Inventars)	Q3950			
Villa (Reihenvilla); Einfriedung	Q3950	Q1307347		
Villa (Reihenvilla); Einfriedung; Tor	Q3950	Q1307347		
Villa (Sommerhaus)	Q3950			
Villa {Rathaus (nach Erweiterung/ nach Umbau)}	Q3950			
Villa {Verwaltungsgebäude (nach Zusammenfassung und Umnutzung)}	Q3950			
Villa mit Garten	Q3950	Q1107656		
Villa; Außenanlagen (Umgebung der Villa)	Q3950			
Villa; Einfriedung	Q3950	Q1307347		
Villa; Einfriedung; Garten	Q3950	Q1307347	Q1107656	
Villa; Einfriedung; Tor	Q3950	Q1307347		
Villa; Einfriedung; Tore	Q3950	Q1307347		
Villa; Einfriedung; Vorgarten	Q3950	Q1307347	Q1107656	
Villa; Garage ("Auto-Remise")	Q3950			
Villa; Garten	Q3950	Q1107656		
Villa; Garten (vermutl.)	Q3950	Q1107656		
Villa; Garten; Einfriedung	Q3950	Q1307347	Q1107656	
Villa; Gartenhaus; Einfriedung	Q3950	Q1307347		
Villa; Grundstück; Einfriedung	Q3950	Q1307347		
Villa; Hausgarten; Einfriedung;	Q3950	Q1307347		
Villa; Remise	Q3950	Q517820		
Villa; Schule (nach Umnutzung 1898)	Q3950			
Villa; Stützmauer	Q3950			
Villa; Stützmauer; Torpfeiler; Hecke; Garten	Q3950			
Villa; u.a.	Q3950			
Villa; Vorgarten	Q3950	Q1107656		
Villa; Vorgarten; Einfriedung	Q3950	Q1307347	Q1107656	
Villa; Vorgarten; Einfriedungen	Q3950	Q1307347	Q1107656	
Villa; Vorgarten; Zaun	Q3950	Q1307347	Q1107656	
Villa; Zaun; Vorgarten	Q3950			
Villa; Zubehör	Q3950			
Volkshaus	Q41176			
Vordergebäude	Q41176			
Vorderhaus	Q41176			
Vorfahrtsbauwerk				
Vorgarten	Q1107656			
Vorgarten; Einfriedung (jenseits des Weges)	Q1107656	Q1307347		
Vorgarten; Schneitelbäume	Q1107656			
Vorgartenpostamente mit Keramikvasen				
Vorsetzen				
Wachgebäude	Q41176			
Waisenhaus	Q41176			
Waisenhaus {Pfarrhaus/ Kindertagesstätte (nach Umnutzung)}	Q41176			
Wandbild				
Wandgemälde				
Wandgemäldezyklus: "Marschlandschaft“, „Nächtliche Werft“, „Blick von der Lombardbrücke“				
Wandlerhäuschen	Q41176			
Wartehäuschen	Q41176			
Warteschule	Q41176			
Warteschule/ Krippe	Q41176			
Wäscherei	Q41176			
Waschhaus	Q41176			
Wasserbassin				
Wasserbecken; Ufermauern				
Wasserfläche				
Wasserfläche (Kanal)				
Wasserfläche <Teich; Kanal>				
Wasserfläche; Ufer				
Wasserfläche; Ufereinfassung				
Wasserfläche; Ufereinfassung; Grünanlage				
Wasserfläche; Ufereinfassung; Vereins-/Bootshaus		Q1103285		
Wassergraben				
Wassermühle	Q41176			
Wassertreppe				
Wasserturm	Q274153			
Wasserturm {Planetarium (nach Umnutzung)}	Q41176			
Wasserturm/ Bahngebäude	Q41176			
Wasserwerk	Q10373565			
Wasserwerk (Grundwasserwerk)	Q10373565			
Wasserwerk (Grundwasserwerk) <Betriebsgebäude; Betriebstechnik; Reinwasserbehälter; Filterbecken; Treppenanlage; Stützmauer (mit Inschrift); u.a.>	Q10373565			
Wasserwerksgebäude (Pumpenhaus/Aufbereitungsanlage/Wasserbehälter) {Wohngebäude (nach Umnutzung)}	Q10373565			
Wehr				
Werftanlage	Q190928			
Werftanlage <Plattenlager; Anzeichnerei/ Schnürboden; Werkhallen (Schiffsbauwerkstätten); u.a.>	Q190928			
Werftanlage <Verwaltungsgebäude; Maschinenbauhalle; Lotsenhaus; Feuerwache; Trockendock; u.a.>	Q190928			
Werftanlage; Industrieanlage	Q190928			
Werfthalle	Q190928			
Werftkomplex	Q190928			
Werk- und Armenhaus	Q41176			
Werkhalle	Q41176			
Werksgebäude (Brauerei)	Q41176			
Werksgebäude (Druckerei)	Q41176			
Werksgebäude (Halle mit Wohn- und Büroteil)	Q41176			
Werksgebäude (Mälzerei)	Q41176			
Werksschutzbunker (Personenschutzbunker)	Q91122			
Werkstatt	Q656720			
Werkstatt/Lagergebäude	Q656720			
Werkstattanlage (Fahrzeugwerkstätten)	Q656720			
Werkstattgebäude	Q656720			
Werkstattgebäude (Fischräucherei, Hinterhaus)	Q656720			
Werkstattgebäude (Hinterhaus)	Q656720			
Werkstattgebäude (Hofbebauung)	Q656720			
Werkstattgebäude (mit Schornstein)	Q656720			
Werkstattgebäude/Lager (Hinterhaus)	Q656720			
Windbäume				
Windmühle	Q38720			
Windmühle; u.a.	Q38720			
Wirtschaftsgebäude	Q41176			
Wirtschaftsgebäude (Nebengebäude)	Q41176			
Wirtschaftsgebäude/ Stallgebäude	Q41176			
Wirtschaftsgebäude/Verwaltungsgebäude (Altenheim/Pflegeheim)	Q41176			
Wohn- und Geschäftsgebäude	Q11755880	Q655686		
Wohn- und Geschäftshaus	Q11755880	Q655686		
Wohn- und Geschäftshaus (Apotheke); Garage	Q11755880	Q655686		
Wohn- und Geschäftshaus (Boardinghaus)	Q11755880	Q655686		
Wohn- und Geschäftshaus (mit Apothekenvorbau)	Q11755880	Q655686		
Wohn- und Geschäftshaus (Vorderhaus)	Q11755880	Q655686		
Wohn- und Geschäftshaus (Vorderhaus, Wohnterrasse)	Q11755880	Q655686		
Wohn- und Geschäftshaus (Wohnhaus mit Kotorräumen)	Q11755880	Q655686		
Wohn- und Geschäftshaus (z.T. Privatklinik)	Q11755880	Q655686		
Wohn- und Geschäftshäuser	Q11755880	Q655686		
Wohn- und Kontorhaus	Q11755880	Q1783234		
Wohn- und Wirtschaftsgebäude {Laden (nach Umnutzung)}	Q11755880	Q655686		
Wohnanwesen	Q11755880			
Wohnbaracke/Bürobaracke (Baracke Typ R.L.IV)	Q6502413			
Wohnen	Q11755880			
Wohngebäude	Q11755880			
Wohngebäude (Altenheim/Pflegeheim)	Q22908			
Wohngebäude (Altenwohnungen)	Q11755880			
Wohngebäude (Arbeiterwohnhaus)	Q11755880			
Wohngebäude (Arbeiterwohnhäuser)	Q11755880			
Wohngebäude (Boardinghaus)	Q11755880			
Wohngebäude (Budenreihe)	Q11755880			
Wohngebäude (Doppelhaus)	Q11755880			
Wohngebäude (Doppelhaus); Einfriedung	Q11755880	Q1307347		
Wohngebäude (Doppelhaus); Stall (Kleintierstall)	Q11755880			
Wohngebäude (Eckhaus)	Q11755880			
Wohngebäude (Einzelhaus)	Q11755880			
Wohngebäude (Gutsverwalterhaus)	Q11755880			
Wohngebäude (Handwerkerhaus)	Q11755880	Q58403020		
Wohngebäude (Hinterhaus)	Q11755880			
Wohngebäude (Hinterhaus),Wohngebäude (Hinterhaus, Wohnterrasse)	Q11755880			
Wohngebäude (Hinterhaus, Wohnpassage)	Q11755880			
Wohngebäude (Hinterhaus, Wohnterrasse)	Q11755880	Q2588111		
Wohngebäude (Hinterhaus, Wohnterrasse); Vorgärten; Pflaster	Q11755880	Q3328263		
Wohngebäude (Hinterhäuser)	Q11755880			
Wohngebäude (Hinterhäuser, Wohnpassage)	Q11755880			
Wohngebäude (Hinterhäuser, Wohnterrasse)	Q11755880	Q2588111		
Wohngebäude (Hinterhäuser, Wohnterrasse),Wohngebäude (Vorderhaus, Wohnterrasse)	Q11755880			
Wohngebäude (Hofbebauung)	Q11755880			
Wohngebäude (Hofbebauung, Hinterhaus)	Q11755880			
Wohngebäude (Hofbebauung, Wohnpassage)	Q11755880			
Wohngebäude (Küsterhaus)/ Schulgebäude (Kirchenschule)	Q11755880			
Wohngebäude (ländlich)	Q11755880			
Wohngebäude (Lehrerwohnhaus)	Q11755880			
Wohngebäude (Mehrfamilienhaus, Hinterhaus)	Q11755880			
Wohngebäude (mit Arztpraxis); Garten; Mauer	Q11755880	Q1107656		
Wohngebäude (mit Bäckerei, vermutl., Deichbebauung)	Q11755880			
Wohngebäude (mit Läden und Treppe)	Q11755880			
Wohngebäude (mit z.T. gewerblicher Nutzung)	Q11755880			
Wohngebäude (Palais) {Bürogebäude (nach Wiederaufbau)}	Q11755880			
Wohngebäude (Reihenhaus)	Q11755880			
Wohngebäude (Reihenhäuser)	Q11755880			
Wohngebäude (Sommerhaus bzw. Jagdhaus in der Art eines Bauernhaus)	Q11755880			
Wohngebäude (Sommerhaus)	Q11755880			
Wohngebäude (vermutl.) {Schulgebäude (nach Umnutzung 1821, Privatschule)}	Q11755880			
Wohngebäude (Vorderhaus)	Q11755880			
Wohngebäude (Vorderhaus); Werkstatt (Hofgebäude)	Q11755880			
Wohngebäude (Vorderhaus, Wohnpassage)	Q11755880			
Wohngebäude (Vorderhaus, Wohnterrasse)	Q11755880	Q2588111		
Wohngebäude (Vorderhaus, Wohnterrasse),Wohnhaus (Wohnpassage)	Q11755880			
Wohngebäude (Vorderhaus, Wohnterrasse); Wohngebäude (Hinterhaus, Wohnterrasse)	Q11755880			
Wohngebäude (Wohnterrasse)	Q11755880	Q2588111		
Wohngebäude {Polizeiwache (nach Umbau 1891)}	Q11755880			
Wohngebäude Hinterhaus	Q11755880			
Wohngebäude mit Hinterflügel	Q11755880			
Wohngebäude/ Atelierhaus; Einfriedung; Pflaster	Q11755880	Q1307347	Q3328263	
Wohngebäude/ Bürohaus	Q11755880			
Wohngebäude/ Gasthaus	Q11755880			
Wohngebäude/ Gasthaus (mit Saal)	Q11755880			
Wohngebäude/ Gaststätte; u.a.	Q11755880	Q62602544		
Wohngebäude/ Schulungsgebäude	Q11755880			
Wohngebäude/ Stallgebäude	Q11755880			
Wohngebäude/ Verwalterhaus	Q11755880			
Wohngebäude/ Verwaltungsgebäude	Q11755880			
Wohngebäude/ Verwaltungsgebäude (Dienstgebäude)	Q11755880			
Wohngebäude/Stallgebäude/Altenteiler	Q11755880			
Wohngebäude; Einfriedung	Q11755880	Q1307347		
Wohngebäude; Einfriedung; Windbäume	Q11755880	Q1307347		
Wohngebäude; Speicher	Q11755880	Q1362225		
Wohngebäude; u.a.	Q11755880			
Wohngeschäftshaus	Q11755880	Q655686		
Wohngeschäftshaus (Apotheke)	Q11755880	Q655686		
Wohngeschäftshaus (Vorderhaus, Wohnpassage)	Q11755880	Q655686		
Wohngeschäftshaus (Vorderhaus, Wohnterrasse)	Q11755880	Q655686		
Wohngeschäftshaus / Kontorhaus	Q11755880	Q1783234		
Wohngeschäftshaus/ Kontorhaus	Q11755880	Q1783234		
Wohngeschäftshaus/Kontorhaus	Q11755880	Q1783234		
Wohngeschäftshaus; Arkaden	Q11755880	Q655686	Q98445120	
Wohngeschäftshaus; Kontorhaus	Q11755880	Q1783234		
Wohnhaus	Q11755880			
Wohnhaus (Deichbebauung)	Q11755880			
Wohnhaus (Deichbebauung); Einfriedung	Q11755880	Q1307347		
Wohnhaus (Direktorenwohnhaus; Schulnebengebäude)	Q11755880			
Wohnhaus (Doppelhaus)	Q11755880			
Wohnhaus (Doppelhaus); Stall (Kleintierstall)	Q11755880			
Wohnhaus (Doppelhaus, Haushälfte)	Q11755880			
Wohnhaus (Doppelhaus, Typ Bude)	Q11755880			
Wohnhaus (Doppelhaushälfte)	Q11755880			
Wohnhaus (Gästehaus; Sommerhaus)	Q11755880			
Wohnhaus (Hinterhaus)	Q11755880			
Wohnhaus (Hofbebauung)	Q11755880			
Wohnhaus (Hofbebauung, Wohnterrasse)	Q11755880			
Wohnhaus (Hofgebäude)	Q11755880			
Wohnhaus (Küsterhaus) / Schulgebäude (Kirchenschule)	Q11755880			
Wohnhaus (mit Anbau zum Garten, Vorderhaus)	Q11755880			
Wohnhaus (mit Anbauten)	Q11755880			
Wohnhaus (mit Apotheke)	Q11755880	Q655686		
Wohnhaus (mit Arztpraxis)	Q11755880	Q655686		
Wohnhaus (mit Atelier); Einfriedung; Garten	Q11755880	Q1307347	Q1107656	
Wohnhaus (mit Atelier); Garten	Q11755880	Q1107656		
Wohnhaus (mit Bäckerei und Laden)	Q11755880	Q655686		
Wohnhaus (mit Bäckerei)	Q11755880	Q655686		
Wohnhaus (mit Garten)	Q11755880	Q1107656		
Wohnhaus (mit Gaststätte und Laden)	Q11755880	Q62602544		
Wohnhaus (mit Gaststätte)	Q11755880	Q655686		
Wohnhaus (mit Kontorräumen)	Q11755880	Q1783234		
Wohnhaus (mit Kutscherwohung)	Q11755880			
Wohnhaus (mit Laden)	Q11755880	Q213441		
Wohnhaus (mit Schulnutzung) {Wohnhaus/ Werkstatt (nach Umnutzung)}	Q11755880			
Wohnhaus (mit Stall, Anbau)	Q11755880			
Wohnhaus (mit Tierarztpraxis)	Q11755880	Q655686		
Wohnhaus (mit Verbindungsgang)	Q11755880			
Wohnhaus (mit Werkstatt und Stall)	Q11755880	Q655686		
Wohnhaus (mit Werkstatt)	Q11755880			
Wohnhaus (mit z.T. gewerblicher Nutzung, Hofbebauung)	Q11755880			
Wohnhaus (Reihenhaus)	Q11755880			
Wohnhaus (Reihenhaus, Doppelhaus)	Q11755880			
Wohnhaus (Reihenhaus, Doppelhaushälfte)	Q11755880			
Wohnhaus (Sommerhaus)	Q11755880			
Wohnhaus (Stadthaus)	Q11755880			
Wohnhaus (Stadthaus) {Etagenhaus (nach Umbau)}	Q11755880			
Wohnhaus (Stadthaus, Doppelhaus)	Q11755880			
Wohnhaus (Typ Bude)	Q11755880			
Wohnhaus (vermutl.)	Q11755880			
Wohnhaus (Villa mit Remise)	Q3950	Q517820		
Wohnhaus (Villa)	Q3950			
Wohnhaus (Vorderhaus)	Q11755880			
Wohnhaus (Vorderhaus, mit Veranda und Einfriedung)	Q11755880	Q1307347		
Wohnhaus (Wohnpassage)	Q11755880			
Wohnhaus (Wohnterrasse)	Q11755880			
Wohnhaus (Zwillingshaus)	Q11755880			
Wohnhaus {Bahnhofsgebäude (nach Umnutzung)}	Q11755880			
Wohnhaus {Bankgebäude (nach Umnutzung)}	Q11755880			
Wohnhaus {Gastwirtschaft}	Q11755880			
Wohnhaus {Geschäftshaus (nach Umnutzung)}	Q11755880			
Wohnhaus {Mehrfamilienhaus} {Ledigenhaus}	Q11755880			
Wohnhaus {Pastorat (nach Umnutzung)}	Q11755880	Q607241		
Wohnhaus {Schulgebäude/ Lehrerwohnhaus (nach Umnutzung 1808)} {Geschäftshaus (nach Umnutzung 1888)}	Q11755880			
Wohnhaus {Schulhaus (1851-1860 Armenschule)}	Q11755880			
Wohnhaus {Verwaltungsgebäude (nach Umnutzung}; Fabrikationsgebäude (Florylingebäude)	Q11755880			
Wohnhaus {Wohn- und Geschäftshaus}	Q11755880	Q655686		
Wohnhaus {Wohnwirtschaftsgebäude (nach Umbau)}	Q11755880	Q655686		
Wohnhaus mit Garten	Q11755880	Q1107656		
Wohnhaus mit Garten; Brunnen	Q11755880	Q1107656		
Wohnhaus und Garten	Q11755880	Q1107656		
Wohnhaus- und Geschäftsgebäude	Q11755880			
Wohnhaus, Stall/ Remise	Q11755880	Q517820		
Wohnhaus/ Atelierhaus	Q11755880	Q655686		
Wohnhaus/ Atelierhaus; Garten	Q11755880	Q655686	Q1107656	
Wohnhaus/ Gartenhaus	Q11755880			
Wohnhaus/ Geschäftshaus	Q11755880	Q655686		
Wohnhaus/ Geschäftshaus (vermutl.)	Q11755880	Q655686		
Wohnhaus/ Geschäftshaus/ Gaststätte	Q11755880	Q62602544	Q655686	
Wohnhaus/ Pfarrhaus	Q11755880			
Wohnhaus/ Speicher	Q11755880	Q1362225		
Wohnhaus/ Stall	Q11755880			
Wohnhaus/ Tierklinik	Q11755880			
Wohnhaus/ Werkstatt (Weberei)	Q11755880	Q655686		
Wohnhaus; Atelierhaus; Vorgarten; Garten	Q11755880	Q655686	Q1107656	
Wohnhaus; Außenanlagen; Einfriedungen	Q11755880	Q1307347		
Wohnhaus; Baumreihe (vor dem Haus)	Q11755880			
Wohnhaus; Einfriedung	Q11755880	Q1307347		
Wohnhaus; Einfriedung; Linden	Q11755880	Q1307347		
Wohnhaus; Einfriedung; Tor	Q11755880	Q1307347		
Wohnhaus; Garten	Q11755880	Q1107656		
Wohnhaus; Garten; Einfriedung	Q11755880	Q1307347		
Wohnhaus; Garten; Hecken; Einfriedung	Q11755880	Q1307347	Q1107656	
Wohnhaus; Garten; Hofplatz; Einfriedung	Q11755880	Q1307347	Q1107656	
Wohnhaus; Gartenpavillon; u.a.	Q11755880	Q276173		
Wohnhaus; Geländer; Einfriedung	Q11755880	Q1307347		
Wohnhaus; Nebengebäude	Q11755880			
Wohnhaus; Pflaster (in der Durchfahrt)	Q11755880	Q3328263		
Wohnhaus; Portal	Q11755880			
Wohnhaus; Remise	Q11755880	Q517820		
Wohnhaus; Remise; Einfriedung	Q11755880	Q517820	Q1307347	
Wohnhaus; Schuppen	Q11755880			
Wohnhaus; Schuppen; Zaun	Q11755880			
Wohnhaus; Stallgebäude	Q11755880			
Wohnhaus; u.a.	Q11755880			
Wohnhaus; Verwaltungsgebäude; Pförtnerhaus; Grünanlage	Q11755880	Q294422	Q18759150	Q22652
Wohnhaus; Werkstattgebäude	Q11755880			
Wohnhaus; Windbaum	Q11755880			
Wohnhaus; Windbäume	Q11755880			
Wohnhaus; Zaun	Q11755880			
Wohnhaus; Zufahrt (mit Umfahrungsrondell); Baumbestand; Stützmauern (aus Bruchstein)	Q11755880			
Wohnhäuser (ehem. zwei Gebäude) {Hotel (nach Umnutzung)}	Q11755880			
Wohnheim {Arbeiterhotel}	Q847950			
Wohnheim {Heim für alleinstehende Frauen und Mädchen}	Q847950			
Wohnheim/Stift	Q16295481	Q847950		
Wohnhochhaus	Q18142			
Wohnhochhaus; Außenanlagen	Q18142			
Wohnsiedlung	Q11755880			
Wohnstift	Q16295481			
Wohnstift (Altenwohnanlage)	Q16295481			
Wohnstift (Stiftsgebäude; Pavillons (zur Straße); Einfriedungen; Außenanlagen)	Q16295481	Q1307347		
Wohnstift <Stiftsgebäude>	Q16295481			
Wohnwirtschaftsgebäude	Q11755880			
Wohnwirtschaftsgebäude (Fachhallenhaus)	Q11755880			
Wohnwirtschaftsgebäude (Fachhallenhaus); u.a.	Q11755880			
Wohnwirtschaftsgebäude (mit Gaststätte)	Q11755880	Q62602544		
Wohnwirtschaftsgebäude (Nr. 12 Wirtschaftsteil, Nr. 14 Wohnteil); Einfriedung	Q11755880	Q1307347		
Wohnwirtschaftsgebäude (Typ Hufnerhaus) {Scheune (nach Umnutzung)}	Q11755880	Q1303167		
Wohnwirtschaftsgebäude (Wirtschaftsgebäude mit Wohnteil)	Q11755880			
Wohnwirtschaftsgebäude {Kirchengebäude (nach Ausbau)}	Q11755880	Q16970		
Wohnwirtschaftsgebäude {Laden (nach Umnutzung}	Q11755880			
Wohnwirtschaftsgebäude {Restaurant bzw. Laden (nach Umnutzung)}	Q11755880			
Wohnwirtschaftsgebäude/Landhaus; Bäume	Q11755880			
Wohnwirtschaftsgebäude; Bäume; Pflaster	Q11755880	Q3328263		
Wohnwirtschaftsgebäude; Einfriedung	Q11755880	Q1307347		
Wohnwirtschaftsgebäude; Einfriedung; Bäume	Q11755880	Q1307347		
Wohnwirtschaftsgebäude; Gasthaus (nach Umnutzung 1929)	Q11755880			
Wohnwirtschaftsgebäude; Prunkpforte	Q11755880			
Wohnwirtschaftsgebäude; Scheune	Q11755880	Q1303167		
Wohnwirtschaftsgebäude; Scheune; Einfriedung; u.a.	Q11755880	Q1307347	Q1303167	
Wohnwirtschaftsgebäude; Scheune; Speicher	Q11755880	Q1362225	Q1303167	
Wohnwirtschaftsgebäude; u.a.	Q11755880			
Wohnwirtschaftsgebäude; Verkehrsfläche (zwischen Haus und Straße)	Q11755880			
Wohnwirtschaftsgebäude; Wirtschaftsgebäude	Q11755880			
Wohnwirtschaftsgebäude; Wurt	Q11755880			
Zentrale Versorgungsanlage				
Zollamt	Q218550			
Zollgebäude	Q218550			
Zollhaus/ Fährhaus {Gasthaus (nach Umbau)}; Saal	Q41176			
Zollpavillon	Q41176	Q276173		
Zollrampe				
Zollschuppen (mit Büroteil)	Q41176			
Zollzaun				
Zufahrt				
Zuwegung				
Zweifamilienhaus	Q6453233			
Zweifamilienhaus (Doppelhaus); Vorgarten	Q6453233	Q1107656		
Zweifamilienhaus (vermutl.)	Q6453233			
Zweifamilienhaus (vermutl.); Einfriedung; Vorgarten	Q6453233	Q1307347		
Zweifamilienhaus/ Reihenhaus	Q875016			
Zweifamilienhaus; Einfriedung; Vorgarten	Q6453233	Q1107656		
Zweifamilienhaus; Remise	Q517820	Q517820		
Zweifamilienhaus; Vorgarten; Einfriedung	Q6453233	Q1307347		